CVE,pairs,lifecycle_aware_burden,median_lifecycle_burden,burden_per_pair,class,pattern,severity,dependents,lifecycle_burden_start_event,% of total burden
CVE-2010-1622,2,2.101377314814815,1.0506886574074075,1.0506886574074075,Silent,S1,Medium,90,release,0.00039865282288234906
CVE-2011-2894,20,14817.42431712963,335.18072916666665,740.8712158564815,Silent,S1,Medium,185,release,2.811017321936707
CVE-2012-1089,1,343.84400462962964,343.84400462962964,343.84400462962964,Silent,S1,Medium,13,release,0.06523073324832818
CVE-2013-2055,2,684.9808912037038,342.4904456018519,342.4904456018519,Silent,S1,Medium,14,release,0.12994789844435345
CVE-2013-6429,19,16423.605694444446,596.3438773148148,864.4002997076025,Silent,S1,Medium,185,release,3.1157263980333236
CVE-2013-6430,1,3193.52630787037,3193.52630787037,3193.52630787037,Silent,S1,Low,91,release,0.6058446851053791
CVE-2014-0054,2,103.76010416666666,51.88005208333333,51.88005208333333,Silent,S1,Medium,21,release,0.019684355654259786
CVE-2014-3120,8,665.4701851851852,68.49927083333333,83.18377314814815,Transparent,T1,Medium,39,report,0.12624651746156906
CVE-2014-3558,5,2676.189895833333,261.8403125,535.2379791666666,Silent,S2,Medium,41,disclosure,0.5077006632848307
CVE-2014-3578,14,13862.825960648148,752.535162037037,990.2018543320106,Silent,S1,Medium,185,release,2.629920225833464
CVE-2014-6439,7,988.2981597222222,121.23302083333333,141.18545138888888,Transparent,T1,Medium,37,report,0.18749029431557127
CVE-2014-7839,4,1599.4276273148148,218.53280671296295,399.8569068287037,Silent,S3,Medium,47,disclosure,0.30342782047271644
CVE-2015-0263,4,580.4859259259259,130.12378472222224,145.12148148148148,Silent,S1,Medium,13,release,0.11012413210249102
CVE-2015-0264,2,178.49078703703702,89.24539351851851,89.24539351851851,Transparent,T1,Medium,28,report,0.033861532438346345
CVE-2015-0886,5,4819.940023148149,1298.2703703703703,963.9880046296297,Silent,S1,Medium,96,release,0.9143920431638217
CVE-2015-0899,2,2174.7289930555553,1087.3644965277776,1087.3644965277776,Silent,S1,Medium,31,release,0.41256838834870885
CVE-2015-1427,13,1762.9547916666666,44.629375,135.61190705128203,Silent,S2,High,44,disclosure,0.3344506002596756
CVE-2015-1776,7,5068.236111111111,406.30493055555553,724.0337301587302,Silent,S1,Low,47,release,0.9614963569294827
CVE-2015-3192,9,4996.16900462963,435.45554398148147,555.1298894032922,Silent,S1,Medium,101,release,0.9478244878970823
CVE-2015-5531,11,1921.6038773148148,13.668368055555556,174.69126157407408,Silent,S1,Medium,44,release,0.36454795849965044
CVE-2015-7521,3,2384.2948842592596,732.6194675925926,794.7649614197531,Transparent,T2,High,36,report,0.45232518667294236
CVE-2015-7940,8,5531.756574074074,634.0771296296296,691.4695717592592,Silent,S1,Medium,93,release,1.0494309414142318
CVE-2016-1000339,13,13212.982986111112,893.6798726851852,1016.3833066239317,Silent,S1,Medium,155,release,2.506638350463889
CVE-2016-1000341,13,13212.982986111112,893.6798726851852,1016.3833066239317,Silent,S1,Medium,155,release,2.506638350463889
CVE-2016-1000342,13,13212.982986111112,893.6798726851852,1016.3833066239317,Silent,S1,Medium,155,release,2.506638350463889
CVE-2016-1000343,13,13212.98298611111,893.6798726851852,1016.3833066239315,Silent,S1,Medium,155,release,2.5066383504638887
CVE-2016-1000345,13,13212.98298611111,893.6798726851852,1016.3833066239315,Silent,S1,Medium,155,release,2.5066383504638887
CVE-2016-1000346,13,13212.98298611111,893.6798726851852,1016.3833066239315,Silent,S1,Medium,155,release,2.5066383504638887
CVE-2016-1000352,13,13212.982986111112,893.6798726851852,1016.3833066239317,Silent,S1,Medium,155,release,2.506638350463889
CVE-2016-1181,2,2174.7289930555553,1087.3644965277776,1087.3644965277776,Silent,S1,Medium,31,release,0.41256838834870885
CVE-2016-1182,2,2174.7289930555553,1087.3644965277776,1087.3644965277776,Silent,S1,Medium,31,release,0.41256838834870885
CVE-2016-2402,4,2357.412210648148,615.637337962963,589.353052662037,Transparent,T1,Medium,23,report,0.44722526785011124
CVE-2016-3086,9,10106.867418981481,1138.9255324074074,1122.9852687757202,Transparent,T1,Medium,158,report,1.9173763791343097
CVE-2016-3093,1,1732.291226851852,1732.291226851852,1732.291226851852,Transparent,T1,Medium,26,report,0.32863340760851245
CVE-2016-3674,18,10703.498969907409,477.2442939814815,594.6388316615227,Silent,S1,Medium,169,release,2.030563501846851
CVE-2016-3720,2,1871.285150462963,935.6425752314815,935.6425752314815,Transparent,T1,High,14,report,0.3550019800778246
CVE-2016-4000,4,4487.966446759259,1168.1350752314816,1121.9916116898148,Silent,S1,High,27,release,0.8514132518650099
CVE-2016-4437,12,4105.007997685185,154.45601851851853,342.08399980709873,Silent,S2,Medium,77,disclosure,0.7787621074495292
CVE-2016-4993,2,254.9555787037037,127.47778935185185,127.47778935185185,Silent,S1,Medium,15,release,0.048367687441601304
CVE-2016-5001,4,6214.82630787037,1811.7420138888888,1553.7065769675926,Transparent,T1,Low,53,report,1.179016273702539
CVE-2016-5007,8,4110.5910185185185,353.91037037037034,513.8238773148148,Transparent,T1,Medium,33,report,0.779821263746558
CVE-2016-5393,11,6821.171944444444,379.33369212962964,620.1065404040404,Silent,S1,Medium,134,release,1.2940462580649383
CVE-2016-6345,6,1654.0843981481482,264.3541840277778,275.6807330246914,Silent,S3,Medium,31,disclosure,0.3137967703175292
CVE-2016-6346,6,1592.3328819444446,249.35848958333332,265.3888136574074,Transparent,T3,Medium,31,report,0.3020818745306957
CVE-2016-6802,11,1909.1379166666668,90.8839699074074,173.55799242424243,Silent,S1,Medium,59,release,0.3621830379462169
CVE-2016-6806,3,1671.6006944444443,448.62741898148147,557.2002314814814,Silent,S1,Medium,125,release,0.31711979132652746
CVE-2016-7051,1,86.23893518518518,86.23893518518518,86.23893518518518,Silent,S1,Medium,20,release,0.016360410246920226
CVE-2016-9177,3,2355.274502314815,409.93234953703706,785.091500771605,Transparent,T3,Medium,22,report,0.44681972266049946
CVE-2016-9879,7,3949.7864930555556,169.03980324074075,564.2552132936509,Transparent,T1,Medium,41,report,0.7493149964731264
CVE-2017-1000487,12,26020.101006944446,2164.711487268519,2168.341750578704,Silent,S1,High,248,release,4.936279955518783
CVE-2017-12196,7,609.1082060185186,137.37252314814816,87.0154580026455,Silent,S1,Medium,48,release,0.11555407211174007
CVE-2017-14063,2,1897.2894328703703,948.6447164351852,948.6447164351852,Transparent,T1,Medium,32,report,0.3599352590828167
CVE-2017-17485,29,9174.289710648149,160.3991435185185,316.35481760855686,Transparent,T1,High,172,report,1.7404568257712822
CVE-2017-2670,6,2111.3090625,347.4721354166667,351.88484375,Silent,S1,Medium,91,release,0.4005369772524095
CVE-2017-3164,5,2802.700486111111,711.1221180555556,560.5400972222221,Transparent,T1,Medium,14,report,0.5317010194242004
CVE-2017-3166,2,783.1973263888888,391.5986631944444,391.5986631944444,Transparent,T1,Medium,64,report,0.1485805632513711
CVE-2017-3523,11,4595.057013888889,173.79945601851853,417.73245580808083,Silent,S1,Medium,138,release,0.8717294304919124
CVE-2017-3586,9,4170.071273148148,263.7202199074074,463.34125257201646,Silent,S1,Medium,138,release,0.7911052779246365
CVE-2017-3589,9,4170.071273148148,263.7202199074074,463.34125257201646,Silent,S1,Low,138,release,0.7911052779246365
CVE-2017-4995,2,142.2214236111111,71.11071180555555,71.11071180555555,Transparent,T1,Medium,18,report,0.026980862312160375
CVE-2017-5643,4,2226.9372106481483,730.8255613425927,556.7343026620371,Transparent,T1,Medium,22,report,0.4224728225377575
CVE-2017-7536,5,2109.4725347222225,239.84873842592592,421.8945069444445,Silent,S1,Medium,29,release,0.4001885691023113
CVE-2017-7561,3,575.5892708333333,154.63936342592592,191.8630902777778,Silent,S3,Medium,31,disclosure,0.1091951864240633
CVE-2017-8028,2,1655.6895717592593,827.8447858796296,827.8447858796296,Transparent,T1,Medium,19,report,0.3141012882100439
CVE-2017-9096,2,1343.7417708333332,671.8708854166666,671.8708854166666,Silent,S1,Medium,20,release,0.25492159184884056
CVE-2017-9735,1,853.3628819444444,853.3628819444444,853.3628819444444,Transparent,T1,Medium,25,report,0.16189168857576128
CVE-2017-9803,2,206.52905092592593,103.26452546296296,103.26452546296296,Transparent,T1,Medium,14,report,0.03918067858560111
CVE-2018-1000180,28,8077.196678240741,152.38625000000002,288.47130993716934,Silent,S2,Medium,156,disclosure,1.532327028589993
CVE-2018-1000613,29,7465.2702430555555,94.17209490740741,257.4231118295019,Silent,S1,High,156,release,1.4162383095089055
CVE-2018-1000632,1,563.1616087962963,563.1616087962963,563.1616087962963,Transparent,T1,Medium,29,report,0.10683753150984851
CVE-2018-1000850,20,2331.369212962963,91.36511574074075,116.56846064814815,Transparent,T1,Medium,129,report,0.4422846441599613
CVE-2018-1002200,4,2660.955520833333,530.5218344907407,665.2388802083333,Transparent,T1,Medium,21,report,0.5048105461431913
CVE-2018-1067,2,12.806238425925926,6.403119212962963,6.403119212962963,Silent,S1,Medium,53,release,0.002429474736882121
CVE-2018-11039,9,888.6888541666667,98.0028125,98.74320601851852,Transparent,T1,Medium,68,report,0.1685933877176374
CVE-2018-1114,11,2223.38337962963,101.42575231481482,202.1257617845118,Transparent,T1,Medium,53,report,0.42179862435469384
CVE-2018-11761,6,1471.5226967592591,33.2254224537037,245.25378279320987,Silent,S1,Medium,24,release,0.27916294368592365
CVE-2018-11771,20,4701.509641203704,127.26666666666667,235.07548206018518,Silent,S1,Medium,107,release,0.8919245853948926
CVE-2018-11777,3,862.4099421296296,124.76380787037037,287.46998070987655,Transparent,T1,Medium,36,report,0.16360800865601705
CVE-2018-11802,3,2103.7467824074074,686.965462962963,701.2489274691358,Silent,S1,Medium,14,release,0.3991023351797626
CVE-2018-12418,2,448.1526273148148,224.0763136574074,224.0763136574074,Transparent,T1,Medium,18,report,0.08501914848973066
CVE-2018-12537,9,3624.0911226851854,152.31916666666666,402.67679140946507,Transparent,T2,Medium,111,report,0.6875272452289847
CVE-2018-12538,19,4986.337407407407,138.6252199074074,262.4388109161793,Transparent,T1,Medium,56,report,0.9459593330967285
CVE-2018-12540,6,1590.7569791666667,84.16612847222223,265.1261631944445,Transparent,T3,Medium,42,report,0.3017829096153898
CVE-2018-12542,7,1388.0546064814816,31.45429398148148,198.29351521164023,Transparent,T1,High,42,report,0.2633281911285196
CVE-2018-1271,4,1725.3888773148146,123.65281250000001,431.34721932870366,Silent,S1,Medium,28,release,0.3273239611287863
CVE-2018-1282,3,1962.4340625,270.74871527777776,654.1446875,Silent,S1,High,21,release,0.3722938632774973
CVE-2018-1296,4,5197.18474537037,1264.3047974537037,1299.2961863425926,Transparent,T1,Medium,53,report,0.9859592350103795
CVE-2018-1314,2,689.557037037037,344.7785185185185,344.7785185185185,Transparent,T1,Medium,24,report,0.13081604022999008
CVE-2018-1320,10,1515.872824074074,47.27925347222222,151.5872824074074,Silent,S1,Medium,139,release,0.2875766175771356
CVE-2018-1324,18,4652.056331018519,171.11469907407405,258.44757394547327,Silent,S1,Medium,75,release,0.8825427853881966
CVE-2018-1335,5,731.6249537037037,184.66649305555555,146.32499074074073,Silent,S1,Critical,31,release,0.13879675536082983
CVE-2018-1339,3,182.3513888888889,77.1050925925926,60.783796296296295,Silent,S1,Medium,13,release,0.03459392819393734
CVE-2018-14642,7,725.7280324074075,118.88914351851852,103.67543320105821,Silent,S3,Medium,52,disclosure,0.13767804892743013
CVE-2018-15756,3,549.6883912037036,23.643541666666668,183.22946373456787,Silent,S1,Medium,70,release,0.10428152398624559
CVE-2018-17197,5,1450.2431828703704,15.620578703703703,290.04863657407407,Silent,S1,Medium,13,release,0.27512600171383556
CVE-2018-18928,1,398.8983333333333,398.8983333333333,398.8983333333333,Transparent,T2,High,33,report,0.07567510389746995
CVE-2018-7489,20,6157.448900462963,263.0625462962963,307.87244502314815,Transparent,T1,High,302,report,1.1681311912038495
CVE-2018-8009,10,8959.673148148147,851.7207986111111,895.9673148148147,Transparent,T2,Medium,134,report,1.6997418633155885
CVE-2018-8012,6,1444.9834953703703,92.35715277777778,240.8305825617284,Transparent,T3,Medium,155,report,0.27412818506540615
CVE-2018-8027,2,397.32449074074077,198.66224537037039,198.66224537037039,Transparent,T1,High,30,report,0.07537652982041765
CVE-2018-9159,3,770.2679050925926,236.49848379629628,256.75596836419754,Transparent,T1,Medium,27,report,0.14612771946093653
CVE-2019-0207,2,625.0894212962963,312.54471064814817,312.54471064814817,Silent,S1,Medium,21,release,0.11858587251172586
CVE-2019-0231,1,919.9178009259259,919.9178009259259,919.9178009259259,Silent,S1,Medium,88,release,0.1745178391207489
CVE-2019-10088,6,1219.1578472222222,37.060526620370375,203.19297453703703,Silent,S1,Medium,24,release,0.23128674413102118
CVE-2019-10093,6,134.80177083333334,17.29769675925926,22.466961805555556,Transparent,T1,Medium,15,report,0.025573278103548782
CVE-2019-10094,6,1219.1578472222222,37.060526620370375,203.19297453703703,Silent,S1,Medium,24,release,0.23128674413102118
CVE-2019-10173,15,9143.76787037037,553.0265162037037,609.584524691358,Transparent,T1,High,160,report,1.7346665197179532
CVE-2019-10184,1,88.85550925925926,88.85550925925926,88.85550925925926,Transparent,T5,Medium,19,report,0.016856801177552467
CVE-2019-11272,5,663.5385069444444,40.783865740740744,132.7077013888889,Transparent,T1,High,63,report,0.12588005829303103
CVE-2019-11777,4,2859.423912037037,592.4170659722222,714.8559780092593,Transparent,T1,Medium,46,report,0.5424620349303192
CVE-2019-12086,4,1105.1126620370371,222.5976099537037,276.2781655092593,Transparent,T1,Medium,102,report,0.20965120315049962
CVE-2019-12402,71,9722.527488425925,78.03384259259259,136.9370068792384,Silent,S1,Medium,303,release,1.8444631535169098
CVE-2019-17359,4,1071.7372916666666,141.86736689814813,267.93432291666664,Silent,S1,Medium,43,release,0.20331955318022066
CVE-2019-17632,3,98.31997685185185,1.5591666666666666,32.77332561728395,Transparent,T1,Medium,12,report,0.018652307722838473
CVE-2019-17638,9,523.1848842592593,63.13236111111111,58.13165380658437,Transparent,T1,High,23,report,0.09925353696782868
CVE-2019-20444,6,157.60296296296298,18.394380787037036,26.267160493827163,Transparent,T2,Medium,41,report,0.02989889804028094
CVE-2019-20445,6,163.47594907407407,19.373211805555556,27.24599151234568,Transparent,T1,Medium,41,report,0.031013063723634
CVE-2019-3778,1,0.9103472222222222,0.9103472222222222,0.9103472222222222,Transparent,T1,Medium,29,report,0.0001727022022096854
CVE-2019-3795,5,1013.1024074074073,118.88942129629629,202.62048148148148,Transparent,T1,Medium,63,report,0.19219591442932196
CVE-2019-3888,9,13166.13050925926,1396.9947337962963,1462.9033899176954,Transparent,T1,Medium,53,report,2.4977499552079103
CVE-2019-5427,12,4046.2531365740742,229.86986689814813,337.18776138117283,Silent,S1,Medium,108,release,0.7676157078596637
CVE-2019-7614,16,1807.7651967592594,48.03470486111111,112.98532479745371,Transparent,T1,Medium,31,report,0.3429515935647442
CVE-2020-10683,1,0.17585648148148147,0.17585648148148147,0.17585648148148147,Silent,S1,High,21,release,3.3361777663869106e-05
CVE-2020-10688,1,552.2721064814815,552.2721064814815,552.2721064814815,Transparent,T1,Medium,31,report,0.10477168126630605
CVE-2020-10714,4,1588.5279513888888,380.8152662037037,397.1319878472222,Silent,S1,Medium,12,release,0.30136004019083207
CVE-2020-10719,12,1735.7948611111112,13.422841435185186,144.64957175925926,Silent,S1,Medium,75,release,0.32929808295165713
CVE-2020-11050,5,329.74607638888887,47.48096064814815,65.94921527777777,Silent,S2,Medium,41,disclosure,0.06255621170936344
CVE-2020-11612,2,186.09193287037039,93.04596643518519,93.04596643518519,Transparent,T1,Medium,88,report,0.03530354774051772
CVE-2020-11989,8,2235.3010648148147,250.25796875,279.41263310185184,Transparent,T1,High,51,report,0.4240595314311157
CVE-2020-11995,1,532.4756018518518,532.4756018518518,532.4756018518518,Transparent,T1,High,23,report,0.10101608135658643
CVE-2020-13692,28,7187.158356481482,113.9910474537037,256.6842270171958,Silent,S1,Medium,200,release,1.3634776330334102
CVE-2020-13920,2,1230.9147453703704,615.4573726851852,615.4573726851852,Transparent,T1,Medium,20,report,0.23351714825790337
CVE-2020-13933,8,2249.4605671296295,222.0562673611111,281.1825708912037,Transparent,T1,Medium,51,report,0.4267457342032759
CVE-2020-13936,14,5287.786377314815,302.6667939814815,377.6990269510582,Transparent,T1,Critical,84,report,1.0031472935650059
CVE-2020-13941,5,902.2814699074074,175.90988425925926,180.45629398148148,Transparent,T1,Medium,14,report,0.17117204629418098
CVE-2020-13957,5,574.3889351851851,81.6824537037037,114.87778703703702,Silent,S1,High,14,release,0.10896747044408814
CVE-2020-1695,2,5.405775462962963,2.7028877314814816,2.7028877314814816,Silent,S1,Medium,31,release,0.0010255310329017402
CVE-2020-1745,10,259.39601851851853,15.586487268518518,25.939601851851855,Silent,S1,High,91,release,0.04921008440407689
CVE-2020-17521,1,19.844537037037036,19.844537037037036,19.844537037037036,Transparent,T1,Low,111,report,0.003764712149900271
CVE-2020-17523,8,1132.9626273148149,49.16764467592593,141.62032841435186,Silent,S1,Critical,100,release,0.21493462712052566
CVE-2020-1950,6,638.8633796296297,55.312274305555555,106.4772299382716,Silent,S1,Medium,15,release,0.12119893363746238
CVE-2020-1951,5,569.736574074074,106.00309027777777,113.9473148148148,Silent,S1,Medium,16,release,0.10808486983879136
CVE-2020-1953,8,1997.3114004629629,125.08485532407408,249.66392505787036,Silent,S1,High,46,release,0.37891045190036543
CVE-2020-26259,24,2062.435497685185,27.99632523148148,85.93481240354937,Silent,S1,Medium,179,release,0.39126516088683383
CVE-2020-26939,2,1638.8147916666667,819.4073958333333,819.4073958333333,Silent,S1,Medium,12,release,0.3108999694026103
CVE-2020-26945,16,2461.940011574074,100.59267939814814,153.87125072337963,Silent,S1,Medium,193,release,0.4670552634511044
CVE-2020-28052,26,3683.933425925926,118.56592592592592,141.68974715099714,Silent,S1,Medium,127,release,0.6988799437408201
CVE-2020-28491,5,2452.1437731481483,499.6089351851852,490.4287546296297,Transparent,T1,Medium,34,report,0.465196816576956
CVE-2020-2933,5,1099.8645601851852,131.5683564814815,219.97291203703702,Silent,S2,Low,138,disclosure,0.20865558441831625
CVE-2020-35217,2,581.5552893518518,290.7776446759259,290.7776446759259,Transparent,T1,Medium,44,report,0.11032700130900001
CVE-2020-5397,9,525.081724537037,48.55840277777778,58.342413837448554,Transparent,T1,Low,80,report,0.09961338701758503
CVE-2020-5398,2,63.9338425925926,31.9669212962963,31.9669212962963,Transparent,T1,High,70,report,0.012128905479070945
CVE-2020-5408,3,530.0619560185185,153.0146990740741,176.6873186728395,Transparent,T1,Medium,63,report,0.10055818799392711
CVE-2020-5421,4,1060.548611111111,240.2784837962963,265.13715277777777,Silent,S1,Low,97,release,0.20119694575681554
CVE-2020-5529,2,209.03068287037036,104.51534143518518,104.51534143518518,Silent,S1,Medium,12,release,0.03965526381569499
CVE-2020-7238,5,99.6535763888889,19.22894675925926,19.93071527777778,Transparent,T1,Medium,41,report,0.01890530522894378
CVE-2020-7692,3,816.843761574074,218.31241898148147,272.2812538580247,Transparent,T1,Medium,26,report,0.15496363699635637
CVE-2021-20328,2,703.6491087962963,351.82455439814817,351.82455439814817,Silent,S1,Medium,15,release,0.1334894507343689
CVE-2021-21343,11,749.2031481481481,67.15856481481481,68.1093771043771,Silent,S1,Medium,169,release,0.14213151908319835
CVE-2021-21346,21,1190.855,38.88481481481482,56.70738095238095,Silent,S1,High,179,release,0.22591740381255437
CVE-2021-21347,24,6941.7967592592595,270.2766087962963,289.24153163580246,Transparent,T1,High,179,report,1.3169300222497746
CVE-2021-21349,21,1252.8730439814815,38.88481481481482,59.66062114197531,Silent,S1,Medium,179,release,0.23768286265164823
CVE-2021-21351,22,2620.013761574074,104.29200810185185,119.09153461700338,Transparent,T1,Medium,179,report,0.497043474619479
CVE-2021-22112,5,177.92320601851853,17.43021990740741,35.584641203703704,Transparent,T1,Critical,22,report,0.033753856499498226
CVE-2021-22118,11,751.7114467592593,8.04857638888889,68.33740425084176,Transparent,T1,Medium,78,report,0.14260736904831492
CVE-2021-22569,11,128.6283912037037,0.7293518518518518,11.693490109427609,Transparent,T1,Medium,128,report,0.024402124689677875
CVE-2021-28164,8,471.20537037037036,33.85358217592593,58.900671296296295,Silent,S1,Medium,26,release,0.08939249021636321
CVE-2021-28168,1,81.02739583333333,81.02739583333333,81.02739583333333,Transparent,T1,Low,16,report,0.015371727795876788
CVE-2021-28657,5,455.69747685185183,15.869097222222223,91.13949537037037,Silent,S1,Medium,19,release,0.08645048380726618
CVE-2021-29262,5,238.4000925925926,56.17951388888889,47.68001851851852,Silent,S1,Medium,14,release,0.04522694197630366
CVE-2021-29943,5,378.14060185185184,84.12358796296296,75.62812037037037,Transparent,T2,Medium,14,report,0.07173714939811074
CVE-2021-30179,2,717.3725810185185,358.68629050925927,358.68629050925927,Transparent,T1,High,23,report,0.13609293412717335
CVE-2021-31684,3,26.309988425925926,10.140856481481482,8.769996141975309,Transparent,T1,Medium,68,report,0.004991274571231208
CVE-2021-36090,56,3515.9133333333334,29.319953703703703,62.78416666666667,Silent,S1,Medium,303,release,0.6670048093988024
CVE-2021-3642,2,447.8319328703704,223.9159664351852,223.9159664351852,Transparent,T1,Low,12,report,0.08495830946541116
CVE-2021-37714,39,2535.5577199074073,16.364479166666666,65.01430051044635,Transparent,T1,Medium,244,report,0.48102129755374196
CVE-2021-38153,18,3334.3762500000003,185.04137731481484,185.24312500000002,Transparent,T1,Medium,144,report,0.6325653633181544
CVE-2021-39139,20,787.6926851851852,6.483310185185185,39.38463425925926,Silent,S1,Medium,179,release,0.14943337890774
CVE-2021-39140,20,809.4837152777778,9.083408564814814,40.47418576388889,Silent,S1,Medium,179,release,0.15356736074845093
CVE-2021-39141,20,767.4283101851852,6.483310185185185,38.37141550925926,Silent,S1,Medium,179,release,0.14558901919149914
CVE-2021-39147,20,767.4283101851852,6.483310185185185,38.37141550925926,Silent,S1,Medium,179,release,0.14558901919149914
CVE-2021-39148,20,787.6926851851852,6.483310185185185,39.38463425925926,Silent,S1,Medium,179,release,0.14943337890774
CVE-2021-39149,20,767.4283101851852,6.483310185185185,38.37141550925926,Silent,S1,Medium,179,release,0.14558901919149914
CVE-2021-39151,20,809.4837152777778,9.083408564814814,40.47418576388889,Silent,S1,Medium,179,release,0.15356736074845093
CVE-2021-39152,20,787.6926851851852,6.483310185185185,39.38463425925926,Silent,S1,Medium,179,release,0.14943337890774
CVE-2021-39153,20,809.4836111111111,9.083408564814814,40.474180555555556,Silent,S1,Medium,179,release,0.15356734098696617
CVE-2021-41269,2,55.073553240740736,27.536776620370368,27.536776620370368,Transparent,T1,Medium,25,report,0.010448017740934571
CVE-2021-43859,6,87.63589120370371,2.595775462962963,14.605981867283951,Silent,S1,Medium,169,release,0.01662542712718191
CVE-2022-0839,7,314.02208333333334,33.900358796296295,44.86029761904762,Transparent,T1,High,37,report,0.05957320900233553
CVE-2022-21724,8,346.9904398148148,39.508796296296296,43.37380497685185,Silent,S1,High,200,release,0.06582764426461607
CVE-2022-23221,12,290.3812384259259,15.30009837962963,24.198436535493826,Transparent,T1,Critical,34,report,0.0550882983243632
