CVE,pairs,exposed_past_disclosure,burden_disclosure,exposed_past_release,burden_release,median_delay_disclosure,burden_per_pair,class,pattern,severity,dependents,% of total burden
CVE-2010-1622,2,0,0.0,2,2.101377314814815,-4.355549768518518,0.0,Silent,S1,Medium,90,0.0
CVE-2011-2894,20,17,14018.868831018519,18,14817.42431712963,289.23979166666663,700.943441550926,Silent,S1,Medium,185,3.89
CVE-2012-1089,1,1,326.212337962963,1,343.84400462962964,326.212337962963,326.212337962963,Silent,S1,Medium,13,0.09
CVE-2013-2055,2,1,225.7757986111111,2,684.9808912037038,74.31332754629629,112.88789930555555,Silent,S1,Medium,14,0.06
CVE-2013-6429,19,16,15030.292465277778,19,16423.605694444446,515.8380439814815,791.0680244883041,Silent,S1,Medium,185,4.17
CVE-2013-6430,1,1,700.119386574074,1,3193.52630787037,700.119386574074,700.119386574074,Silent,S1,Low,91,0.19
CVE-2014-0054,2,1,24.73173611111111,2,103.76010416666666,-5.416452546296295,12.365868055555556,Silent,S1,Medium,21,0.01
CVE-2014-3120,8,3,126.04628472222223,7,400.8351851851852,-32.932615740740744,15.755785590277778,Transparent,T1,Medium,39,0.03
CVE-2014-3558,5,5,2676.189895833333,5,2562.6594560185185,261.8403125,535.2379791666666,Silent,S2,Medium,41,0.74
CVE-2014-3578,14,12,11136.930844907407,14,13862.825960648148,536.9187152777778,795.4950603505291,Silent,S1,Medium,185,3.09
CVE-2014-6439,7,6,551.549525462963,6,595.8179976851852,55.90386574074074,78.79278935185185,Transparent,T1,Medium,37,0.15
CVE-2014-7839,4,4,1599.427627314815,4,1137.793877314815,218.53280671296295,399.85690682870376,Silent,S3,Medium,47,0.44
CVE-2015-0263,4,4,228.9965740740741,4,580.4859259259259,42.25144675925926,57.24914351851852,Silent,S1,Medium,13,0.06
CVE-2015-0264,2,1,24.874791666666667,2,116.85351851851853,-29.445578703703703,12.437395833333333,Transparent,T1,Medium,28,0.01
CVE-2015-0886,5,5,4697.429143518519,5,4819.940023148149,1273.7681944444444,939.4858287037038,Silent,S1,Medium,96,1.3
CVE-2015-0899,2,2,2123.699131944444,2,2174.7289930555553,1061.849565972222,1061.849565972222,Silent,S1,Medium,31,0.59
CVE-2015-1427,13,13,1762.9547916666666,1,862.328599537037,44.629375,135.61190705128203,Silent,S2,High,44,0.49
CVE-2015-1776,7,7,3405.4092013888894,7,5068.236111111111,168.75822916666667,486.48702876984134,Silent,S1,Low,47,0.94
CVE-2015-3192,9,7,1773.8501851851852,9,4996.16900462963,57.87821759259259,197.09446502057614,Silent,S1,Medium,101,0.49
CVE-2015-5531,11,5,1697.634224537037,11,1921.6038773148148,-17.74451388888889,154.33038404882154,Silent,S1,Medium,44,0.47
CVE-2015-7521,3,3,2342.2594675925925,3,1922.1602662037037,718.607662037037,780.7531558641975,Transparent,T2,High,36,0.65
CVE-2015-7940,8,5,2093.981770833333,8,5531.756574074074,162.95774305555557,261.74772135416663,Silent,S1,Medium,93,0.58
CVE-2016-1000339,13,11,6615.477719907408,13,13212.982986111112,366.3257986111111,508.8829015313391,Silent,S1,Medium,155,1.83
CVE-2016-1000341,13,11,6615.477719907408,13,13212.98298611111,366.3257986111111,508.8829015313391,Silent,S1,Medium,155,1.83
CVE-2016-1000342,13,11,6615.477719907408,13,13212.98298611111,366.3257986111111,508.8829015313391,Silent,S1,Medium,155,1.83
CVE-2016-1000343,13,11,6615.477719907408,13,13212.98298611111,366.3257986111111,508.8829015313391,Silent,S1,Medium,155,1.83
CVE-2016-1000345,13,11,6615.477719907408,13,13212.982986111112,366.3257986111111,508.8829015313391,Silent,S1,Medium,155,1.83
CVE-2016-1000346,13,11,6615.477719907408,13,13212.98298611111,366.3257986111111,508.8829015313391,Silent,S1,Medium,155,1.83
CVE-2016-1000352,13,11,6615.477719907408,13,13212.98298611111,366.3257986111111,508.8829015313391,Silent,S1,Medium,155,1.83
CVE-2016-1181,2,2,2123.699131944444,2,2174.7289930555553,1061.849565972222,1061.849565972222,Silent,S1,Medium,31,0.59
CVE-2016-1182,2,2,2123.699131944444,2,2174.7289930555553,1061.849565972222,1061.849565972222,Silent,S1,Medium,31,0.59
CVE-2016-2402,4,3,1070.6192476851852,4,2354.485821759259,257.82957175925924,267.6548119212963,Transparent,T1,Medium,23,0.3
CVE-2016-3086,9,8,5768.422997685186,9,8811.697106481482,652.6155324074074,640.9358886316872,Transparent,T1,Medium,158,1.6
CVE-2016-3093,1,1,1345.2623611111112,1,1624.8888078703703,1345.2623611111112,1345.2623611111112,Transparent,T1,Medium,26,0.37
CVE-2016-3674,18,14,9748.30736111111,17,10703.498969907407,415.25104166666665,541.5726311728395,Silent,S1,Medium,169,2.7
CVE-2016-3720,2,2,1759.2749652777777,2,1842.4603356481482,879.6374826388889,879.6374826388889,Transparent,T1,High,14,0.49
CVE-2016-4000,4,4,2412.5270949074074,4,4487.966446759259,649.2752372685186,603.1317737268519,Silent,S1,High,27,0.67
CVE-2016-4437,12,12,4105.007997685185,6,2819.0618750000003,154.45601851851853,342.08399980709873,Silent,S2,Medium,77,1.14
CVE-2016-4993,2,1,242.5204861111111,2,254.9555787037037,117.14743055555554,121.26024305555555,Silent,S1,Medium,15,0.07
CVE-2016-5001,4,3,3763.0135532407407,4,6027.342372685185,1190.7024305555556,940.7533883101852,Transparent,T1,Low,53,1.04
CVE-2016-5007,8,6,1683.9005092592593,8,4109.198611111111,31.77630787037037,210.4875636574074,Transparent,T1,Medium,33,0.47
CVE-2016-5393,11,8,5870.97537037037,11,6821.171944444444,273.87025462962964,533.7250336700337,Silent,S1,Medium,134,1.63
CVE-2016-6345,6,6,1654.0843981481482,6,1510.4529398148147,264.3541840277778,275.6807330246914,Silent,S3,Medium,31,0.46
CVE-2016-6346,6,6,1682.3070486111112,6,1538.6755902777777,264.3541840277778,280.38450810185185,Transparent,T3,Medium,31,0.47
CVE-2016-6802,11,10,1802.849363425926,11,1909.1379166666668,80.62878472222222,163.89539667508419,Silent,S1,Medium,59,0.5
CVE-2016-6806,3,2,690.1452777777778,3,1671.6006944444443,101.51092592592592,230.04842592592593,Silent,S1,Medium,125,0.19
CVE-2016-7051,1,0,0.0,1,86.23893518518518,-112.91902777777776,0.0,Silent,S1,Medium,20,0.0
CVE-2016-9177,3,3,2359.896030092593,3,2351.7115162037035,411.4728587962963,786.6320100308643,Transparent,T3,Medium,22,0.65
CVE-2016-9879,7,6,3844.1748726851856,7,3949.0688310185183,153.66190972222222,549.1678389550265,Transparent,T1,Medium,41,1.07
CVE-2017-1000487,12,11,8441.318888888889,12,26020.101006944446,691.2545543981481,703.4432407407407,Silent,S1,High,248,2.34
CVE-2017-12196,7,5,445.79939814814816,7,609.1082060185186,105.97607638888888,63.68562830687831,Silent,S1,Medium,48,0.12
CVE-2017-14063,2,2,1892.0169560185186,2,1897.049386574074,946.0084780092593,946.0084780092593,Transparent,T1,Medium,32,0.52
CVE-2017-17485,29,28,8368.990243055556,28,8962.348159722222,131.66625,288.5858704501916,Transparent,T1,High,172,2.32
CVE-2017-2670,6,6,56.344409722222224,6,2111.3090625,4.97802662037037,9.390734953703705,Silent,S1,Medium,91,0.02
CVE-2017-3164,5,3,2008.9650462962964,3,2020.7174421296295,536.7367013888888,401.7930092592593,Transparent,T1,Medium,14,0.56
CVE-2017-3166,2,1,387.5140740740741,2,497.6557523148148,140.7807349537037,193.75703703703704,Transparent,T1,Medium,64,0.11
CVE-2017-3523,11,9,3934.3978703703706,11,4595.057013888889,105.61049768518518,357.6725336700337,Silent,S1,Medium,138,1.09
CVE-2017-3586,9,9,4077.1814814814816,9,4170.071273148148,253.39913194444443,453.0201646090535,Silent,S1,Medium,138,1.13
CVE-2017-3589,9,9,4077.1814814814816,9,4170.071273148148,253.39913194444443,453.0201646090535,Silent,S1,Low,138,1.13
CVE-2017-4995,2,0,0.0,2,139.1158449074074,-102.25140625,0.0,Transparent,T1,Medium,18,0.0
CVE-2017-5643,4,3,2151.340358796296,4,2177.6044328703706,711.2873668981481,537.835089699074,Transparent,T1,Medium,22,0.6
CVE-2017-7536,5,5,1697.7999652777776,5,2109.4725347222225,157.51422453703702,339.55999305555554,Silent,S1,Medium,29,0.47
CVE-2017-7561,3,3,575.5892708333333,2,203.76480324074075,154.63936342592592,191.8630902777778,Silent,S3,Medium,31,0.16
CVE-2017-8028,2,2,908.8517939814815,2,1011.1326736111112,454.42589699074074,454.42589699074074,Transparent,T1,Medium,19,0.25
CVE-2017-9096,2,1,1232.534212962963,2,1343.7417708333332,589.50671875,616.2671064814815,Silent,S1,Medium,20,0.34
CVE-2017-9735,1,1,822.6780208333333,1,838.0356944444444,822.6780208333333,822.6780208333333,Transparent,T1,Medium,25,0.23
CVE-2017-9803,2,1,150.6203935185185,2,180.02067129629629,70.8203125,75.31019675925926,Transparent,T1,Medium,14,0.04
CVE-2018-1000180,28,28,8077.196678240741,27,7330.091342592592,152.38625000000002,288.47130993716934,Silent,S2,Medium,156,2.24
CVE-2018-1000613,29,25,7289.036643518519,27,7465.2702430555555,87.5152662037037,251.346091155811,Silent,S1,High,156,2.02
CVE-2018-1000632,1,1,513.554375,1,562.880462962963,513.554375,513.554375,Transparent,T1,Medium,29,0.14
CVE-2018-1000850,20,17,1112.9535185185186,20,1674.673611111111,27.21537037037037,55.64767592592593,Transparent,T1,Medium,129,0.31
CVE-2018-1002200,4,4,2342.7632060185188,4,2660.3927430555555,450.973755787037,585.6908015046297,Transparent,T1,Medium,21,0.65
CVE-2018-1067,2,0,0.0,1,12.806238425925926,-11.277355324074074,0.0,Silent,S1,Medium,53,0.0
CVE-2018-11039,9,8,780.0959606481482,9,880.4621875,84.70655092592592,86.67732896090536,Transparent,T1,Medium,68,0.22
CVE-2018-1114,11,2,1269.7937152777777,10,2093.5965162037037,-41.022893518518515,115.43579229797979,Transparent,T1,Medium,53,0.35
CVE-2018-11761,6,6,1445.676238425926,6,1471.5226967592591,28.917679398148145,240.94603973765433,Silent,S1,Medium,24,0.4
CVE-2018-11771,20,20,4649.205243055556,20,4701.509641203704,124.65144675925926,232.4602621527778,Silent,S1,Medium,107,1.29
CVE-2018-11777,3,3,617.049525462963,3,639.2595601851853,42.97700231481482,205.683175154321,Transparent,T1,Medium,36,0.17
CVE-2018-11802,3,3,838.9650462962964,3,2103.7467824074074,265.37155092592593,279.65501543209876,Silent,S1,Medium,14,0.23
CVE-2018-12418,2,2,419.21054398148146,2,443.24677083333336,209.60527199074073,209.60527199074073,Transparent,T1,Medium,18,0.12
CVE-2018-12537,9,7,2959.846365740741,4,2436.323414351852,69.7578125,328.8718184156379,Transparent,T2,Medium,111,0.82
CVE-2018-12538,19,9,2459.9337384259256,19,3643.136805555556,-25.765104166666667,129.47019675925924,Transparent,T1,Medium,56,0.68
CVE-2018-12540,6,6,1593.271701388889,6,1590.2529513888887,84.58524884259259,265.54528356481484,Transparent,T3,Medium,42,0.44
CVE-2018-12542,7,5,1347.8832175925927,7,1387.4664930555555,24.75023148148148,192.5547453703704,Transparent,T1,High,42,0.37
CVE-2018-1271,4,4,1716.7535069444443,4,1725.3888773148146,121.4939699074074,429.1883767361111,Silent,S1,Medium,28,0.48
CVE-2018-1282,3,3,1922.3877430555556,3,1962.4340625,257.3999421296296,640.7959143518518,Silent,S1,High,21,0.53
CVE-2018-1296,4,4,3411.137523148148,4,5139.930486111111,817.7929918981481,852.784380787037,Transparent,T1,Medium,53,0.95
CVE-2018-1314,2,2,173.59453703703704,2,188.40122685185185,86.79726851851852,86.79726851851852,Transparent,T1,Medium,24,0.05
CVE-2018-1320,10,9,1343.5263657407409,9,1515.872824074074,28.12964699074074,134.3526365740741,Silent,S1,Medium,139,0.37
CVE-2018-1324,18,12,4083.077152777778,18,4652.056331018519,129.88899305555555,226.83761959876543,Silent,S1,Medium,75,1.13
CVE-2018-1335,5,5,690.9766898148148,5,731.6249537037038,176.53684027777777,138.19533796296295,Silent,S1,Critical,31,0.19
CVE-2018-1339,3,3,157.96243055555556,3,182.3513888888889,68.97543981481482,52.65414351851852,Silent,S1,Medium,13,0.04
CVE-2018-14642,7,7,725.7280324074075,0,0.0,118.88914351851852,103.67543320105821,Silent,S3,Medium,52,0.2
CVE-2018-15756,3,3,541.6920717592592,3,549.6883912037036,20.978101851851857,180.56402391975305,Silent,S1,Medium,70,0.15
CVE-2018-17197,5,4,1424.7371064814815,5,1450.2431828703704,9.457199074074074,284.9474212962963,Silent,S1,Medium,13,0.4
CVE-2018-18928,1,1,395.7574652777778,1,237.25427083333332,395.7574652777778,395.7574652777778,Transparent,T2,High,33,0.11
CVE-2018-7489,20,19,2460.998125,20,6037.416956018518,70.95451388888888,123.04990625,Transparent,T1,High,302,0.68
CVE-2018-8009,10,10,7223.147685185185,10,7217.416435185185,678.0682523148148,722.3147685185185,Transparent,T2,Medium,134,2.0
CVE-2018-8012,6,6,4306.417939814815,5,1216.3227546296298,569.2628935185185,717.7363233024693,Transparent,T3,Medium,155,1.19
CVE-2018-8027,2,1,217.4915509259259,2,372.1798148148148,93.0330787037037,108.74577546296295,Transparent,T1,High,30,0.06
CVE-2018-9159,3,3,668.9468981481482,3,739.1072453703704,202.7248148148148,222.98229938271606,Transparent,T1,Medium,27,0.19
CVE-2019-0207,2,2,594.1811805555556,2,625.0894212962963,297.0905902777778,297.0905902777778,Silent,S1,Medium,21,0.16
CVE-2019-0231,1,1,748.3844444444444,1,919.917800925926,748.3844444444444,748.3844444444444,Silent,S1,Medium,88,0.21
CVE-2019-10088,6,5,1200.3291087962964,6,1219.1578472222222,33.567957175925926,200.0548514660494,Silent,S1,Medium,24,0.33
CVE-2019-10093,6,6,83.86017361111111,6,104.81559027777777,8.807430555555555,13.976695601851851,Transparent,T1,Medium,15,0.02
CVE-2019-10094,6,5,1200.3291087962962,6,1219.157847222222,33.567957175925926,200.05485146604937,Silent,S1,Medium,24,0.33
CVE-2019-10173,15,10,1665.5426851851853,15,5482.023773148148,35.830810185185186,111.03617901234568,Transparent,T1,High,160,0.46
CVE-2019-10184,1,1,88.50467592592592,1,83.35876157407408,88.50467592592592,88.50467592592592,Transparent,T5,Medium,19,0.02
CVE-2019-11272,5,5,632.249386574074,5,663.3778587962963,34.526041666666664,126.44987731481481,Transparent,T1,High,63,0.18
CVE-2019-11777,4,3,840.7409259259259,4,1501.5149768518518,56.89624421296297,210.18523148148148,Transparent,T1,Medium,46,0.23
CVE-2019-12086,4,4,1084.0336805555555,4,1088.6761342592592,217.32786458333334,271.0084201388889,Transparent,T1,Medium,102,0.3
CVE-2019-12402,71,69,9353.177743055556,71,9722.527488425925,72.79030092592592,131.73489778951486,Silent,S1,Medium,303,2.59
CVE-2019-17359,4,4,1067.253125,4,1071.7372916666666,140.74632523148148,266.81328125,Silent,S1,Medium,43,0.3
CVE-2019-17632,3,1,90.93662037037036,3,98.36980324074074,-2.781851851851852,30.312206790123454,Transparent,T1,Medium,12,0.03
CVE-2019-17638,9,6,286.27379629629627,8,460.60068287037035,27.739016203703702,31.808199588477365,Transparent,T1,High,23,0.08
CVE-2019-20444,6,1,14.251030092592591,0,0.0,-30.198130787037037,2.3751716820987654,Transparent,T2,Medium,41,0.0
CVE-2019-20445,6,1,14.251030092592591,6,115.91574074074074,-30.198130787037037,2.3751716820987654,Transparent,T1,Medium,41,0.0
CVE-2019-3778,1,0,0.0,1,0.3485532407407407,-15.035474537037038,0.0,Transparent,T1,Medium,29,0.0
CVE-2019-3795,5,5,981.2855092592594,5,1012.331400462963,112.52604166666669,196.25710185185187,Transparent,T1,Medium,63,0.27
CVE-2019-3888,9,7,731.6259953703704,9,1229.6485300925926,1.966423611111111,81.2917772633745,Transparent,T1,Medium,53,0.2
CVE-2019-5427,12,8,3690.7210532407403,12,4046.2531365740742,192.83920717592594,307.56008777006167,Silent,S1,Medium,108,1.02
CVE-2019-7614,16,16,1301.1827893518519,16,1403.7276041666669,16.37330439814815,81.32392433449074,Transparent,T1,Medium,31,0.36
CVE-2020-10683,1,0,0.0,1,0.1758564814814814,-18.990590277777777,0.0,Silent,S1,High,21,0.0
CVE-2020-10688,1,1,110.8314351851852,1,538.8291666666667,110.8314351851852,110.8314351851852,Transparent,T1,Medium,31,0.03
CVE-2020-10714,4,3,1142.6815046296297,4,1588.5279513888888,232.50813657407406,285.6703761574074,Silent,S1,Medium,12,0.32
CVE-2020-10719,12,10,1625.3217245370372,12,1735.7948611111112,2.576383101851852,135.4434770447531,Silent,S1,Medium,75,0.45
CVE-2020-11050,5,5,329.74607638888887,5,328.60765046296297,47.48096064814815,65.94921527777777,Silent,S2,Medium,41,0.09
CVE-2020-11612,2,1,65.46270833333334,1,104.1871875,2.8576678240740776,32.73135416666667,Transparent,T1,Medium,88,0.02
CVE-2020-11989,8,6,1728.0229976851854,8,2079.6271759259257,174.66144097222224,216.00287471064817,Transparent,T1,High,51,0.48
CVE-2020-11995,1,1,336.0767476851852,1,513.3610069444444,336.0767476851852,336.0767476851852,Transparent,T1,High,23,0.09
CVE-2020-13692,28,28,7113.552060185185,28,7187.158356481482,111.3622511574074,254.05543072089947,Silent,S1,Medium,200,1.97
CVE-2020-13920,2,2,833.8463657407408,2,1196.0841203703703,416.9231828703704,416.9231828703704,Transparent,T1,Medium,20,0.23
CVE-2020-13933,8,8,1422.3019560185185,8,1464.9561226851852,118.66144097222222,177.7877445023148,Transparent,T1,Medium,51,0.39
CVE-2020-13936,14,11,2264.682696759259,14,2407.3502199074073,86.458125,161.76304976851853,Transparent,T1,Critical,84,0.63
CVE-2020-13941,5,5,659.5898032407408,5,896.2988310185185,127.37155092592592,131.91796064814815,Transparent,T1,Medium,14,0.18
CVE-2020-13957,5,4,518.5813888888889,5,574.3889351851851,70.37155092592593,103.71627777777778,Silent,S1,High,14,0.14
CVE-2020-1695,2,1,3.709525462962963,2,5.405775462962963,1.2749710648148147,1.8547627314814814,Silent,S1,Medium,31,0.0
CVE-2020-1745,10,2,24.294907407407408,10,259.39601851851853,-32.34973958333333,2.4294907407407407,Silent,S1,High,91,0.01
CVE-2020-17521,1,1,2.794537037037037,1,9.164143518518518,2.794537037037037,2.794537037037037,Transparent,T1,Low,111,0.0
CVE-2020-17523,8,6,1087.5850810185186,8,1132.9626273148149,43.06578125,135.94813512731483,Silent,S1,Critical,100,0.3
CVE-2020-1950,6,5,574.5146180555556,6,638.8633796296297,43.89666087962963,95.7524363425926,Silent,S1,Medium,15,0.16
CVE-2020-1951,5,5,512.6585069444444,5,569.736574074074,94.58747685185185,102.53170138888888,Silent,S1,Medium,16,0.14
CVE-2020-1953,8,8,1954.1955671296296,8,1997.3114004629629,119.6953761574074,244.2744458912037,Silent,S1,High,46,0.54
CVE-2020-26259,24,22,2015.879212962963,24,2062.435497685185,26.011510416666667,83.99496720679012,Silent,S1,Medium,179,0.56
CVE-2020-26939,2,2,368.7171990740741,2,1638.8147916666667,184.35859953703704,184.35859953703704,Silent,S1,Medium,12,0.1
CVE-2020-26945,16,10,2428.578090277778,16,2461.940011574074,97.81845486111112,151.78613064236112,Silent,S1,Medium,193,0.67
CVE-2020-28052,26,17,2786.212025462963,26,3683.933425925926,73.29504629629629,107.16200097934474,Silent,S1,Medium,127,0.77
CVE-2020-28491,5,3,88.14697916666667,4,350.81368055555555,9.692002314814816,17.629395833333334,Transparent,T1,Medium,34,0.02
CVE-2020-2933,5,5,1099.8645601851852,5,1073.849050925926,131.5683564814815,219.97291203703702,Silent,S2,Low,138,0.31
CVE-2020-35217,2,2,91.27684027777778,2,564.3618865740741,45.63842013888889,45.63842013888889,Transparent,T1,Medium,44,0.03
CVE-2020-5397,9,8,468.95315972222227,9,491.2450578703704,42.13251157407407,52.10590663580248,Transparent,T1,Low,80,0.13
CVE-2020-5398,2,2,9.076018518518518,2,12.190509259259258,4.538009259259259,4.538009259259259,Transparent,T1,High,70,0.0
CVE-2020-5408,3,3,406.8301157407408,3,429.4475462962963,111.93741898148149,135.61003858024694,Transparent,T1,Medium,63,0.11
CVE-2020-5421,4,4,1046.844675925926,4,1060.548611111111,236.8525,261.7111689814815,Silent,S1,Low,97,0.29
CVE-2020-5529,2,2,182.7859837962963,2,209.03068287037036,91.39299189814815,91.39299189814815,Silent,S1,Medium,12,0.05
CVE-2020-7238,5,0,0.0,5,60.020069444444445,-28.342395833333335,0.0,Transparent,T1,Medium,41,0.0
CVE-2020-7692,3,3,695.9905324074074,3,723.3820254629629,178.02800925925925,231.99684413580246,Transparent,T1,Medium,26,0.19
CVE-2021-20328,2,2,690.9465856481481,2,703.6491087962963,345.47329282407406,345.47329282407406,Silent,S1,Medium,15,0.19
CVE-2021-21343,11,10,656.7182060185186,11,749.2031481481481,58.17428240740741,59.701655092592596,Silent,S1,Medium,169,0.18
CVE-2021-21346,21,18,1018.7195486111111,21,1190.855,29.900532407407407,48.510454695767194,Silent,S1,High,179,0.28
CVE-2021-21347,24,18,1038.6822916666665,24,5517.9073148148145,14.934953703703703,43.278428819444436,Transparent,T1,High,179,0.29
CVE-2021-21349,21,18,1080.7375925925926,21,1252.8730439814815,29.900532407407407,51.463694885361555,Silent,S1,Medium,179,0.3
CVE-2021-21351,22,18,1018.7195486111111,21,1190.855,29.240596064814817,46.30543402777778,Transparent,T1,Medium,179,0.28
CVE-2021-22112,5,2,81.72274305555555,5,108.88333333333334,-7.627743055555555,16.34454861111111,Transparent,T1,Critical,22,0.02
CVE-2021-22118,11,5,642.4430208333333,11,745.4930092592592,-7.281423611111111,58.40391098484849,Transparent,T1,Medium,78,0.18
CVE-2021-22569,11,4,106.59731481481481,11,130.89344907407408,-3.644467592592593,9.690664983164982,Transparent,T1,Medium,128,0.03
CVE-2021-28164,8,7,420.64190972222224,8,471.20537037037036,27.253836805555558,52.58023871527778,Silent,S1,Medium,26,0.12
CVE-2021-28168,1,1,3.4017245370370373,1,8.573414351851852,3.4017245370370373,3.4017245370370373,Transparent,T1,Low,16,0.0
CVE-2021-28657,5,5,422.8776273148148,5,455.6974768518519,9.305127314814817,84.57552546296296,Silent,S1,Medium,19,0.12
CVE-2021-29262,5,5,206.7567476851852,5,238.4000925925926,49.85084490740741,41.35134953703704,Silent,S1,Medium,14,0.06
CVE-2021-29943,5,5,206.75171296296296,0,0.0,49.84581018518519,41.35034259259259,Transparent,T2,Medium,14,0.06
CVE-2021-30179,2,1,195.0767476851852,2,420.13265046296294,97.08125578703705,97.5383738425926,Transparent,T1,High,23,0.05
CVE-2021-31684,3,0,0.0,3,15.02300925925926,-35.717534722222226,0.0,Transparent,T1,Medium,68,0.0
CVE-2021-36090,56,56,3336.0191666666665,56,3515.9133333333334,26.10755787037037,59.57177083333333,Silent,S1,Medium,303,0.93
CVE-2021-3642,2,2,403.19577546296296,2,446.1816319444444,201.59788773148148,201.59788773148148,Transparent,T1,Low,12,0.11
CVE-2021-37714,39,34,2430.665983796296,39,2514.0675462962963,13.46570601851852,62.324768815289644,Transparent,T1,Medium,244,0.67
CVE-2021-38153,18,18,1942.241875,18,2149.927291666667,107.7005787037037,107.90232638888888,Transparent,T1,Medium,144,0.54
CVE-2021-39139,20,20,779.3278703703704,20,787.6926851851852,6.065069444444444,38.96639351851852,Silent,S1,Medium,179,0.22
CVE-2021-39140,20,20,801.118900462963,20,809.4837152777778,8.665167824074075,40.05594502314815,Silent,S1,Medium,179,0.22
CVE-2021-39141,20,20,759.0634953703703,20,767.4283101851852,6.065069444444444,37.953174768518515,Silent,S1,Medium,179,0.21
CVE-2021-39147,20,20,759.0634953703703,20,767.4283101851852,6.065069444444444,37.953174768518515,Silent,S1,Medium,179,0.21
CVE-2021-39148,20,20,779.3278703703704,20,787.6926851851852,6.065069444444444,38.96639351851852,Silent,S1,Medium,179,0.22
CVE-2021-39149,20,20,759.0634953703704,20,767.4283101851852,6.065069444444444,37.95317476851852,Silent,S1,Medium,179,0.21
CVE-2021-39151,20,20,801.118900462963,20,809.4837152777778,8.665167824074075,40.05594502314815,Silent,S1,Medium,179,0.22
CVE-2021-39152,20,20,779.3278703703704,20,787.6926851851852,6.065069444444444,38.96639351851852,Silent,S1,Medium,179,0.22
CVE-2021-39153,20,20,801.1187962962963,20,809.4836111111111,8.665167824074075,40.05593981481481,Silent,S1,Medium,179,0.22
CVE-2021-41269,2,2,10.40320601851852,2,10.516770833333332,5.20160300925926,5.20160300925926,Transparent,T1,Medium,25,0.0
CVE-2021-43859,6,6,74.07873842592592,6,87.63589120370371,0.33625,12.346456404320987,Silent,S1,Medium,169,0.02
CVE-2022-0839,7,3,48.96754629629629,7,85.20690972222222,-9.259733796296295,6.995363756613756,Transparent,T1,High,37,0.01
CVE-2022-21724,8,8,342.2525694444445,8,346.9904398148148,38.9165625,42.78157118055556,Silent,S1,High,200,0.09
CVE-2022-23221,12,10,154.79004629629628,11,171.63849537037038,2.9810474537037037,12.899170524691357,Transparent,T1,Critical,34,0.04
