downstream_repo,pairs,late_rate
88250/latke,4,0.25
Activiti/Activiti,3,1.0
AxonFramework/AxonFramework,3,0.6666666666666666
Azure/azure-sdk-for-java,3,1.0
BroadleafCommerce/BroadleafCommerce,4,1.0
Comcast/jrugged,3,1.0
CyberSource/cybersource-sdk-java,7,1.0
DSpace/DSpace,6,1.0
DataSketches/sketches-hive,5,0.8
DigitalPebble/storm-crawler,12,1.0
Erudika/para,7,0.7142857142857143
ExpediaGroup/circus-train,3,1.0
GateNLP/gate-core,3,1.0
GoogleCloudPlatform/bigdata-interop,3,1.0
HotelsDotCom/beeju,4,1.0
ICIJ/extract,4,1.0
Impetus/fabric-jdbc-connector,3,1.0
LucidWorks/spark-solr,7,0.7142857142857143
MyCoRe-Org/mycore,3,1.0
NitorCreations/nflow,6,1.0
OpenAS2/OpenAs2App,10,1.0
Pay-Group/best-pay-sdk,3,1.0
RIPE-NCC/rpki-commons,15,0.9333333333333333
RockyLOMO/rxlib,3,1.0
SoftInstigate/restheart,6,0.6666666666666666
SonarSource/sonar-findbugs,3,1.0
SparkTC/stocator,3,1.0
Waffle/waffle,4,0.75
Xceptance/XLT,14,1.0
Zandero/rest.vertx,3,1.0
Zlika/reproducible-build-maven-plugin,3,0.6666666666666666
actframework/actframework,3,1.0
aktin/broker,3,1.0
alexcojocaru/elasticsearch-maven-plugin,4,1.0
alibaba/druid,3,1.0
annot8/annot8-components,3,1.0
anotheria/ano-util,7,1.0
anotheria/moskito,3,1.0
apache/any23,8,1.0
apache/avro,3,0.6666666666666666
apache/incubator-dubbo,3,1.0
apache/openmeetings,3,1.0
apache/reef,3,0.3333333333333333
appNG/appng,11,1.0
archiecobbs/jsimpledb,3,1.0
archivesunleashed/aut,3,1.0
arenadata/hive,3,1.0
aspectran/aspectran,5,0.0
astrapi69/mystic-crypt,9,0.2222222222222222
bedrin/kerb4j,3,1.0
bitblit/wrench,4,0.75
blossom-project/blossom,3,1.0
btc-ag/redg,5,1.0
bujiio/buji-pac4j,4,0.5
chelu/jdal,3,1.0
citrusframework/citrus,10,0.9
cloudfoundry/cf-java-client,3,0.6666666666666666
codelibs/fess-crawler,6,1.0
cose-wg/cose-java,7,1.0
dadoonet/fscrawler,3,0.3333333333333333
damiencarol/jsr203-hadoop,3,0.6666666666666666
davidkarlsen/Commons-Transaction-Spring-Integration,3,0.6666666666666666
dbmdz/digitalcollections-model,3,0.3333333333333333
dernasherbrezon/deb-maven-plugin,3,1.0
difi/sikker-digital-post-klient,10,1.0
digipost/certificate-validator,7,1.0
digipost/digipost-api-client-java,8,1.0
dkpro/dkpro-core,3,1.0
duracloud/duracloud-db,4,1.0
duracloud/snapshot,4,1.0
eclipse/deeplearning4j,3,1.0
flowable/flowable-engine,6,1.0
flowlogix/flowlogix,5,1.0
fuinorg/event-store-maven-plugin,4,1.0
graphhopper/graphhopper,3,1.0
hammock-project/hammock,3,0.6666666666666666
hapifhir/hapi-fhir,6,1.0
hazendaz/displaytag,3,1.0
hcoles/pitest,3,1.0
heuermh/dishevelled,4,0.5
hyperledger/fabric-sdk-java,4,0.75
iitsoftware/swiftmq-client,14,1.0
ikasanEIP/ikasan,19,1.0
in-toto/in-toto-java,3,1.0
infinispan/infinispan,15,0.6666666666666666
internetarchive/heritrix3,3,1.0
jamesdbloom/mockservice,4,0.25
javalite/activejdbc,15,1.0
javamelody/javamelody,3,1.0
jayway/powermock,3,1.0
jeremylong/DependencyCheck,6,0.5
jooby-project/jooby,7,0.14285714285714285
junaidontable/baltoro.lib,7,1.0
keycloak/keycloak,7,0.8571428571428571
kiegroup/kogito-runtimes,4,1.0
kiegroup/optaplanner,11,0.9090909090909091
kubernetes-client/java,3,0.6666666666666666
kuehne-trustable-de/ca3sCore,3,1.0
lazy-koala/java-toolkit,20,1.0
lightblueseas/email-tails,14,1.0
lithiumtech/flow,8,0.875
lukas-krecan/smock,3,1.0
marklogic/marklogic-contentpump,6,1.0
mercibe/jxsl,3,1.0
mike10004/har-replay,3,1.0
mnemonic-no/messaging,15,1.0
molindo/esi4j,3,1.0
msoute/vertx-deploy-mod,3,0.6666666666666666
neo4j/licensing-maven-plugin,5,1.0
netty/netty,7,1.0
networknt/light-4j,7,0.7142857142857143
networknt/light-graphql-4j,7,0.7142857142857143
networknt/light-hybrid-4j,7,0.7142857142857143
networknt/light-rest-4j,7,0.7142857142857143
networknt/light-session-4j,6,0.6666666666666666
noear/solon,3,1.0
oboehm/PatternTesting2,14,1.0
open-eid/digidoc4j,7,0.0
opencast/opencast,5,0.8
pac4j/pac4j,4,0.5
performancecopilot/parfait,6,1.0
petergeneric/stdlib,4,1.0
phax/peppol-smp-server,3,1.0
pippo-java/pippo,14,1.0
playframework/netty-reactive-streams,3,0.0
powertac/powertac-core,14,1.0
psi-probe/psi-probe,16,0.5625
quarkusio/quarkus,14,0.7142857142857143
qubole/rubix,3,1.0
qwazr/library-modules,4,0.5
rapidoid/rapidoid,3,0.6666666666666666
raydac/mvn-golang,3,1.0
release-engineering/koji-build-finder,3,1.0
researchstudio-sat/webofneeds,4,1.0
rocketbase-io/commons-asset,3,0.3333333333333333
sakaiproject/sakai,3,1.0
sangupta/jerry-core,17,1.0
shred/acme4j,3,1.0
simplyti/simple-server,3,0.0
smooks/smooks,14,1.0
solr-cool/solr-analyzers,6,1.0
solr-cool/solr-thymeleaf,6,0.8333333333333334
solr-cool/solr-util,6,1.0
spotbugs/sonar-findbugs,15,1.0
spring-projects/spring-batch,9,1.0
spring-projects/spring-hateoas,3,0.3333333333333333
spring-projects/spring-ws,3,0.6666666666666666
streamxhub/streamx,3,1.0
svenkubiak/mangooio,12,0.25
swisspush/gateleen,3,0.6666666666666666
swisspush/vertx-rest-storage,3,1.0
tagbangers/wallride,3,1.0
taimos/dvalin,7,1.0
teamapps-org/universal-db,3,1.0
terrestris/shogun2,3,0.3333333333333333
textexploration/mtas,4,1.0
thrau/jarchivelib,4,1.0
timofeevda/jstressy,4,1.0
vertigo-io/vertigo,3,1.0
virgo47/javasimon,3,1.0
wicketstuff/core,25,0.92
wildfly/wildfly,5,0.8
xixifeng/fastquery,4,0.75
yangfuhai/jboot,7,0.42857142857142855
zalando/riptide,3,0.6666666666666666
zenbones/SmallMind,10,1.0
zonkyio/embedded-postgres,4,1.0
