repo,repo_url,mined_at_utc,mining_status,error_type,error_message
42BV/jarb,https://github.com/42BV/jarb,2026-08-14T16:55:34.850082+00:00,error,HTTPError,HTTP Error 401: Unauthorized
52North/arctic-sea,https://github.com/52North/arctic-sea,2026-08-14T16:55:35.068779+00:00,error,HTTPError,HTTP Error 401: Unauthorized
52North/series-hibernate,https://github.com/52North/series-hibernate,2026-08-14T16:55:35.384423+00:00,error,HTTPError,HTTP Error 401: Unauthorized
6tail/nlf2-maven,https://github.com/6tail/nlf2-maven,2026-08-14T16:55:35.636576+00:00,error,HTTPError,HTTP Error 401: Unauthorized
88250/latke,https://github.com/88250/latke,2026-08-14T16:55:35.826828+00:00,error,HTTPError,HTTP Error 401: Unauthorized
AKSW/jena-sparql-api,https://github.com/AKSW/jena-sparql-api,2026-08-14T16:55:35.987745+00:00,error,HTTPError,HTTP Error 401: Unauthorized
Activiti/Activiti,https://github.com/Activiti/Activiti,2026-08-14T16:55:36.220484+00:00,error,HTTPError,HTTP Error 401: Unauthorized
AlejandroRivera/embedded-rabbitmq,https://github.com/AlejandroRivera/embedded-rabbitmq,2026-08-14T16:55:36.385977+00:00,error,HTTPError,HTTP Error 401: Unauthorized
AmyAssist/Amy,https://github.com/AmyAssist/Amy,2026-08-14T16:55:36.549921+00:00,error,HTTPError,HTTP Error 401: Unauthorized
AquaticInformatics/aquarius-sdk-java,https://github.com/AquaticInformatics/aquarius-sdk-java,2026-08-14T16:55:36.801121+00:00,error,HTTPError,HTTP Error 401: Unauthorized
ArcBees/GWTP,https://github.com/ArcBees/GWTP,2026-08-14T16:55:36.966596+00:00,error,HTTPError,HTTP Error 401: Unauthorized
ArcadeData/arcade-connectors,https://github.com/ArcadeData/arcade-connectors,2026-08-14T16:55:37.236118+00:00,error,HTTPError,HTTP Error 401: Unauthorized
AsyncHttpClient/async-http-client,https://github.com/AsyncHttpClient/async-http-client,2026-08-14T16:55:37.401922+00:00,error,HTTPError,HTTP Error 401: Unauthorized
AthenZ/athenz,https://github.com/AthenZ/athenz,2026-08-14T16:55:37.691539+00:00,error,HTTPError,HTTP Error 401: Unauthorized
AxonFramework/AxonFramework,https://github.com/AxonFramework/AxonFramework,2026-08-14T16:55:38.021667+00:00,error,HTTPError,HTTP Error 401: Unauthorized
Axway/ats-framework,https://github.com/Axway/ats-framework,2026-08-14T16:55:38.390534+00:00,error,HTTPError,HTTP Error 401: Unauthorized
Azure/azure-sdk-for-java,https://github.com/Azure/azure-sdk-for-java,2026-08-14T16:55:39.012480+00:00,error,HTTPError,HTTP Error 401: Unauthorized
Baidu-ecom/Jprotobuf-rpc-socket,https://github.com/Baidu-ecom/Jprotobuf-rpc-socket,2026-08-14T16:55:39.261599+00:00,error,HTTPError,HTTP Error 401: Unauthorized
BaseXdb/basex,https://github.com/BaseXdb/basex,2026-08-14T16:55:39.671353+00:00,error,HTTPError,HTTP Error 401: Unauthorized
Bedework/bw-calendar-engine,https://github.com/Bedework/bw-calendar-engine,2026-08-14T16:55:40.012260+00:00,error,HTTPError,HTTP Error 401: Unauthorized
Bedework/bw-event-registration,https://github.com/Bedework/bw-event-registration,2026-08-14T16:55:40.202528+00:00,error,HTTPError,HTTP Error 401: Unauthorized
Bedework/bw-synch,https://github.com/Bedework/bw-synch,2026-08-14T16:55:40.665426+00:00,error,HTTPError,HTTP Error 401: Unauthorized
BroadleafCommerce/BroadleafCommerce,https://github.com/BroadleafCommerce/BroadleafCommerce,2026-08-14T16:55:41.014401+00:00,error,HTTPError,HTTP Error 401: Unauthorized
BrunoEberhard/minimal-j,https://github.com/BrunoEberhard/minimal-j,2026-08-14T16:55:41.195566+00:00,error,HTTPError,HTTP Error 401: Unauthorized
Bynder/bynder-java-sdk,https://github.com/Bynder/bynder-java-sdk,2026-08-14T16:55:41.537662+00:00,error,HTTPError,HTTP Error 401: Unauthorized
CAFAudit/audit-service,https://github.com/CAFAudit/audit-service,2026-08-14T16:55:41.886189+00:00,error,HTTPError,HTTP Error 401: Unauthorized
Captain-P-Goldfish/SCIM,https://github.com/Captain-P-Goldfish/SCIM,2026-08-14T16:55:42.164033+00:00,error,HTTPError,HTTP Error 401: Unauthorized
CloudSlang/cloud-slang,https://github.com/CloudSlang/cloud-slang,2026-08-14T16:55:42.409080+00:00,error,HTTPError,HTTP Error 401: Unauthorized
CloudSlang/cs-actions,https://github.com/CloudSlang/cs-actions,2026-08-14T16:55:42.813655+00:00,error,HTTPError,HTTP Error 401: Unauthorized
CloudSlang/score,https://github.com/CloudSlang/score,2026-08-14T16:55:43.163632+00:00,error,HTTPError,HTTP Error 401: Unauthorized
Comcast/jrugged,https://github.com/Comcast/jrugged,2026-08-14T16:55:43.348421+00:00,error,HTTPError,HTTP Error 401: Unauthorized
ConsumerDataStandardsAustralia/java-artefacts,https://github.com/ConsumerDataStandardsAustralia/java-artefacts,2026-08-14T16:55:43.561311+00:00,error,HTTPError,HTTP Error 401: Unauthorized
Contrast-Security-OSS/contrast-maven-plugin,https://github.com/Contrast-Security-OSS/contrast-maven-plugin,2026-08-14T16:55:43.744629+00:00,error,HTTPError,HTTP Error 401: Unauthorized
Coreoz/Wisp,https://github.com/Coreoz/Wisp,2026-08-14T16:55:43.980743+00:00,error,HTTPError,HTTP Error 401: Unauthorized
Crim/pardot-java-client,https://github.com/Crim/pardot-java-client,2026-08-14T16:55:44.154325+00:00,error,HTTPError,HTTP Error 401: Unauthorized
CyberSource/cybersource-sdk-java,https://github.com/CyberSource/cybersource-sdk-java,2026-08-14T16:55:44.401309+00:00,error,HTTPError,HTTP Error 401: Unauthorized
CycloneDX/cyclonedx-core-java,https://github.com/CycloneDX/cyclonedx-core-java,2026-08-14T16:55:44.606094+00:00,error,HTTPError,HTTP Error 401: Unauthorized
DDTH/ddth-commons,https://github.com/DDTH/ddth-commons,2026-08-14T16:55:44.762835+00:00,error,HTTPError,HTTP Error 401: Unauthorized
DSpace/DSpace,https://github.com/DSpace/DSpace,2026-08-14T16:55:44.927434+00:00,error,HTTPError,HTTP Error 401: Unauthorized
DataSketches/sketches-hive,https://github.com/DataSketches/sketches-hive,2026-08-14T16:55:45.180243+00:00,error,HTTPError,HTTP Error 401: Unauthorized
DataSketches/sketches-pig,https://github.com/DataSketches/sketches-pig,2026-08-14T16:55:45.352370+00:00,error,HTTPError,HTTP Error 401: Unauthorized
DataSystemsLab/GeoSpark,https://github.com/DataSystemsLab/GeoSpark,2026-08-14T16:55:45.554179+00:00,error,HTTPError,HTTP Error 401: Unauthorized
DigitalPebble/storm-crawler,https://github.com/DigitalPebble/storm-crawler,2026-08-14T16:55:45.712985+00:00,error,HTTPError,HTTP Error 401: Unauthorized
DisneyStudios/cucumber-slices-maven-plugin,https://github.com/DisneyStudios/cucumber-slices-maven-plugin,2026-08-14T16:55:45.875099+00:00,error,HTTPError,HTTP Error 401: Unauthorized
Dreamroute/locker,https://github.com/Dreamroute/locker,2026-08-14T16:55:46.119955+00:00,error,HTTPError,HTTP Error 401: Unauthorized
Erudika/para,https://github.com/Erudika/para,2026-08-14T16:55:46.282720+00:00,error,HTTPError,HTTP Error 401: Unauthorized
EvoSuite/evosuite,https://github.com/EvoSuite/evosuite,2026-08-14T16:55:46.440464+00:00,error,HTTPError,HTTP Error 401: Unauthorized
ExpediaGroup/circus-train,https://github.com/ExpediaGroup/circus-train,2026-08-14T16:55:46.656366+00:00,error,HTTPError,HTTP Error 401: Unauthorized
ExpediaGroup/waggle-dance,https://github.com/ExpediaGroup/waggle-dance,2026-08-14T16:55:46.813311+00:00,error,HTTPError,HTTP Error 401: Unauthorized
FelixGail/gplaymusic,https://github.com/FelixGail/gplaymusic,2026-08-14T16:55:47.001359+00:00,error,HTTPError,HTTP Error 401: Unauthorized
GSI-CS-CO/chart-fx,https://github.com/GSI-CS-CO/chart-fx,2026-08-14T16:55:47.251998+00:00,error,HTTPError,HTTP Error 401: Unauthorized
GateNLP/gate-core,https://github.com/GateNLP/gate-core,2026-08-14T16:55:47.410263+00:00,error,HTTPError,HTTP Error 401: Unauthorized
GeoDienstenCentrum/schemaspy-maven-plugin,https://github.com/GeoDienstenCentrum/schemaspy-maven-plugin,2026-08-14T16:55:47.650629+00:00,error,HTTPError,HTTP Error 401: Unauthorized
GojaFramework/goja,https://github.com/GojaFramework/goja,2026-08-14T16:55:47.828670+00:00,error,HTTPError,HTTP Error 401: Unauthorized
GoogleCloudPlatform/bigdata-interop,https://github.com/GoogleCloudPlatform/bigdata-interop,2026-08-14T16:55:47.998470+00:00,error,HTTPError,HTTP Error 401: Unauthorized
GraphWalker/graphwalker-project,https://github.com/GraphWalker/graphwalker-project,2026-08-14T16:55:48.221913+00:00,error,HTTPError,HTTP Error 401: Unauthorized
Graylog2/graylog2-server,https://github.com/Graylog2/graylog2-server,2026-08-14T16:55:48.405433+00:00,error,HTTPError,HTTP Error 401: Unauthorized
HotelsDotCom/beeju,https://github.com/HotelsDotCom/beeju,2026-08-14T16:55:48.569220+00:00,error,HTTPError,HTTP Error 401: Unauthorized
HotelsDotCom/corc,https://github.com/HotelsDotCom/corc,2026-08-14T16:55:48.798429+00:00,error,HTTPError,HTTP Error 401: Unauthorized
HotelsDotCom/data-highway,https://github.com/HotelsDotCom/data-highway,2026-08-14T16:55:48.991961+00:00,error,HTTPError,HTTP Error 401: Unauthorized
Huanying04/jixiv,https://github.com/Huanying04/jixiv,2026-08-14T16:55:49.224170+00:00,error,HTTPError,HTTP Error 401: Unauthorized
Huluvu424242/plantuml-maven-plugin,https://github.com/Huluvu424242/plantuml-maven-plugin,2026-08-14T16:55:49.430921+00:00,error,HTTPError,HTTP Error 401: Unauthorized
ICIJ/extract,https://github.com/ICIJ/extract,2026-08-14T16:55:49.597308+00:00,error,HTTPError,HTTP Error 401: Unauthorized
INL/BlackLab,https://github.com/INL/BlackLab,2026-08-14T16:55:49.798638+00:00,error,HTTPError,HTTP Error 401: Unauthorized
INRIA/spoon,https://github.com/INRIA/spoon,2026-08-14T16:55:49.959520+00:00,error,HTTPError,HTTP Error 401: Unauthorized
Impetus/fabric-jdbc-connector,https://github.com/Impetus/fabric-jdbc-connector,2026-08-14T16:55:50.125600+00:00,error,HTTPError,HTTP Error 401: Unauthorized
JULIELab/costosys,https://github.com/JULIELab/costosys,2026-08-14T16:55:50.380743+00:00,error,HTTPError,HTTP Error 401: Unauthorized
JULIELab/jcore-dependencies,https://github.com/JULIELab/jcore-dependencies,2026-08-14T16:55:50.544975+00:00,error,HTTPError,HTTP Error 401: Unauthorized
JanusGraph/janusgraph,https://github.com/JanusGraph/janusgraph,2026-08-14T16:55:50.704515+00:00,error,HTTPError,HTTP Error 401: Unauthorized
Jasig/person-directory,https://github.com/Jasig/person-directory,2026-08-14T16:55:50.972694+00:00,error,HTTPError,HTTP Error 401: Unauthorized
KleeGroup/vertigo,https://github.com/KleeGroup/vertigo,2026-08-14T16:55:51.130969+00:00,error,HTTPError,HTTP Error 401: Unauthorized
LevelFourAB/dust,https://github.com/LevelFourAB/dust,2026-08-14T16:55:51.377773+00:00,error,HTTPError,HTTP Error 401: Unauthorized
Litote/kmongo,https://github.com/Litote/kmongo,2026-08-14T16:55:51.549985+00:00,error,HTTPError,HTTP Error 401: Unauthorized
Loki-Afro/metalarchives,https://github.com/Loki-Afro/metalarchives,2026-08-14T16:55:51.709668+00:00,error,HTTPError,HTTP Error 401: Unauthorized
LucidWorks/spark-solr,https://github.com/LucidWorks/spark-solr,2026-08-14T16:55:51.947231+00:00,error,HTTPError,HTTP Error 401: Unauthorized
Mercateo/rest-schemagen-spring,https://github.com/Mercateo/rest-schemagen-spring,2026-08-14T16:55:52.110274+00:00,error,HTTPError,HTTP Error 401: Unauthorized
MingweiSamuel/Zyra,https://github.com/MingweiSamuel/Zyra,2026-08-14T16:55:52.369327+00:00,error,HTTPError,HTTP Error 401: Unauthorized
ModeShape/modeshape,https://github.com/ModeShape/modeshape,2026-08-14T16:55:52.530776+00:00,error,HTTPError,HTTP Error 401: Unauthorized
MyCoRe-Org/mycore,https://github.com/MyCoRe-Org/mycore,2026-08-14T16:55:52.695413+00:00,error,HTTPError,HTTP Error 401: Unauthorized
NASA-PDS-Incubator/registry,https://github.com/NASA-PDS-Incubator/registry,2026-08-14T16:55:52.946023+00:00,error,HTTPError,HTTP Error 401: Unauthorized
NitorCreations/nflow,https://github.com/NitorCreations/nflow,2026-08-14T16:55:53.108835+00:00,error,HTTPError,HTTP Error 401: Unauthorized
NitorCreations/willow,https://github.com/NitorCreations/willow,2026-08-14T16:55:53.289589+00:00,error,HTTPError,HTTP Error 401: Unauthorized
Olog/phoebus-olog,https://github.com/Olog/phoebus-olog,2026-08-14T16:55:53.525030+00:00,error,HTTPError,HTTP Error 401: Unauthorized
OpenAS2/OpenAs2App,https://github.com/OpenAS2/OpenAs2App,2026-08-14T16:55:53.684958+00:00,error,HTTPError,HTTP Error 401: Unauthorized
OpenSextant/Xponents,https://github.com/OpenSextant/Xponents,2026-08-14T16:55:53.944730+00:00,error,HTTPError,HTTP Error 401: Unauthorized
OrbitzWorldwide/consul-client,https://github.com/OrbitzWorldwide/consul-client,2026-08-14T16:55:54.100626+00:00,error,HTTPError,HTTP Error 401: Unauthorized
OrderOfTheBee/ootbee-support-tools,https://github.com/OrderOfTheBee/ootbee-support-tools,2026-08-14T16:55:54.373171+00:00,error,HTTPError,HTTP Error 401: Unauthorized
OrienteerBAP/Orienteer,https://github.com/OrienteerBAP/Orienteer,2026-08-14T16:55:54.738193+00:00,error,HTTPError,HTTP Error 401: Unauthorized
OxalisCommunity/oxalis,https://github.com/OxalisCommunity/oxalis,2026-08-14T16:55:54.991039+00:00,error,HTTPError,HTTP Error 401: Unauthorized
Pay-Group/best-pay-sdk,https://github.com/Pay-Group/best-pay-sdk,2026-08-14T16:55:55.402434+00:00,error,HTTPError,HTTP Error 401: Unauthorized
PennState/commons-jaxrs,https://github.com/PennState/commons-jaxrs,2026-08-14T16:55:55.806918+00:00,error,HTTPError,HTTP Error 401: Unauthorized
PgBulkInsert/PgBulkInsert,https://github.com/PgBulkInsert/PgBulkInsert,2026-08-14T16:55:56.038261+00:00,error,HTTPError,HTTP Error 401: Unauthorized
RIPE-NCC/rpki-commons,https://github.com/RIPE-NCC/rpki-commons,2026-08-14T16:55:56.444351+00:00,error,HTTPError,HTTP Error 401: Unauthorized
Red5/red5-websocket,https://github.com/Red5/red5-websocket,2026-08-14T16:55:56.793802+00:00,error,HTTPError,HTTP Error 401: Unauthorized
RedCA-Family/code-analyst,https://github.com/RedCA-Family/code-analyst,2026-08-14T16:55:56.957504+00:00,error,HTTPError,HTTP Error 401: Unauthorized
Relucent/yyl-base-lib,https://github.com/Relucent/yyl-base-lib,2026-08-14T16:55:57.441341+00:00,error,HTTPError,HTTP Error 401: Unauthorized
RockyLOMO/rxlib,https://github.com/RockyLOMO/rxlib,2026-08-14T16:55:57.789514+00:00,error,HTTPError,HTTP Error 401: Unauthorized
RuedigerMoeller/kontraktor,https://github.com/RuedigerMoeller/kontraktor,2026-08-14T16:55:57.954361+00:00,error,HTTPError,HTTP Error 401: Unauthorized
SANSA-Stack/SANSA-OWL,https://github.com/SANSA-Stack/SANSA-OWL,2026-08-14T16:55:58.312722+00:00,error,HTTPError,HTTP Error 401: Unauthorized
ServiceComb/java-chassis,https://github.com/ServiceComb/java-chassis,2026-08-14T16:55:58.660502+00:00,error,HTTPError,HTTP Error 401: Unauthorized
Sila-Money/sila-sdk-java,https://github.com/Sila-Money/sila-sdk-java,2026-08-14T16:55:58.941363+00:00,error,HTTPError,HTTP Error 401: Unauthorized
SimonAlong/Neo,https://github.com/SimonAlong/Neo,2026-08-14T16:55:59.184529+00:00,error,HTTPError,HTTP Error 401: Unauthorized
Smartling/api-sdk-java,https://github.com/Smartling/api-sdk-java,2026-08-14T16:55:59.711475+00:00,error,HTTPError,HTTP Error 401: Unauthorized
SoftInstigate/restheart,https://github.com/SoftInstigate/restheart,2026-08-14T16:55:59.886798+00:00,error,HTTPError,HTTP Error 401: Unauthorized
SonarCommunity/sonar-php,https://github.com/SonarCommunity/sonar-php,2026-08-14T16:56:00.045545+00:00,error,HTTPError,HTTP Error 401: Unauthorized
SonarSource/orchestrator,https://github.com/SonarSource/orchestrator,2026-08-14T16:56:00.284243+00:00,error,HTTPError,HTTP Error 401: Unauthorized
SonarSource/sonar-findbugs,https://github.com/SonarSource/sonar-findbugs,2026-08-14T16:56:00.450854+00:00,error,HTTPError,HTTP Error 401: Unauthorized
SparkTC/stocator,https://github.com/SparkTC/stocator,2026-08-14T16:56:00.615030+00:00,error,HTTPError,HTTP Error 401: Unauthorized
SpringSource/spring-ldap,https://github.com/SpringSource/spring-ldap,2026-08-14T16:56:00.861994+00:00,error,HTTPError,HTTP Error 401: Unauthorized
SuperScorpion/medusa,https://github.com/SuperScorpion/medusa,2026-08-14T16:56:01.047490+00:00,error,HTTPError,HTTP Error 401: Unauthorized
TNG/config-builder,https://github.com/TNG/config-builder,2026-08-14T16:56:01.281823+00:00,error,HTTPError,HTTP Error 401: Unauthorized
TheBlackChamber/commons-encryption,https://github.com/TheBlackChamber/commons-encryption,2026-08-14T16:56:01.467678+00:00,error,HTTPError,HTTP Error 401: Unauthorized
Tirasa/ConnIdSOAPBundle,https://github.com/Tirasa/ConnIdSOAPBundle,2026-08-14T16:56:01.631972+00:00,error,HTTPError,HTTP Error 401: Unauthorized
UweTrottmann/thetvdb-java,https://github.com/UweTrottmann/thetvdb-java,2026-08-14T16:56:01.859266+00:00,error,HTTPError,HTTP Error 401: Unauthorized
UweTrottmann/tmdb-java,https://github.com/UweTrottmann/tmdb-java,2026-08-14T16:56:02.044106+00:00,error,HTTPError,HTTP Error 401: Unauthorized
UweTrottmann/trakt-java,https://github.com/UweTrottmann/trakt-java,2026-08-14T16:56:02.227255+00:00,error,HTTPError,HTTP Error 401: Unauthorized
Waffle/waffle,https://github.com/Waffle/waffle,2026-08-14T16:56:02.445174+00:00,error,HTTPError,HTTP Error 401: Unauthorized
Wikidata/Wikidata-Toolkit,https://github.com/Wikidata/Wikidata-Toolkit,2026-08-14T16:56:02.614876+00:00,error,HTTPError,HTTP Error 401: Unauthorized
Xceptance/XLT,https://github.com/Xceptance/XLT,2026-08-14T16:56:02.854762+00:00,error,HTTPError,HTTP Error 401: Unauthorized
XenoAmess/docker-client,https://github.com/XenoAmess/docker-client,2026-08-14T16:56:03.026078+00:00,error,HTTPError,HTTP Error 401: Unauthorized
Zandero/rest.vertx,https://github.com/Zandero/rest.vertx,2026-08-14T16:56:03.195603+00:00,error,HTTPError,HTTP Error 401: Unauthorized
Zlika/reproducible-build-maven-plugin,https://github.com/Zlika/reproducible-build-maven-plugin,2026-08-14T16:56:03.423904+00:00,error,HTTPError,HTTP Error 401: Unauthorized
aQute-os/biz.aQute.openapi,https://github.com/aQute-os/biz.aQute.openapi,2026-08-14T16:56:03.586531+00:00,error,HTTPError,HTTP Error 401: Unauthorized
acegi/xml-format-maven-plugin,https://github.com/acegi/xml-format-maven-plugin,2026-08-14T16:56:03.773047+00:00,error,HTTPError,HTTP Error 401: Unauthorized
actframework/actframework,https://github.com/actframework/actframework,2026-08-14T16:56:04.009556+00:00,error,HTTPError,HTTP Error 401: Unauthorized
aerogear/aerogear-unifiedpush-server,https://github.com/aerogear/aerogear-unifiedpush-server,2026-08-14T16:56:04.172760+00:00,error,HTTPError,HTTP Error 401: Unauthorized
aerospike/aerospike-client-java,https://github.com/aerospike/aerospike-client-java,2026-08-14T16:56:04.334016+00:00,error,HTTPError,HTTP Error 401: Unauthorized
airlift/airlift,https://github.com/airlift/airlift,2026-08-14T16:56:04.579256+00:00,error,HTTPError,HTTP Error 401: Unauthorized
aktin/broker,https://github.com/aktin/broker,2026-08-14T16:56:04.750297+00:00,error,HTTPError,HTTP Error 401: Unauthorized
alexcojocaru/elasticsearch-maven-plugin,https://github.com/alexcojocaru/elasticsearch-maven-plugin,2026-08-14T16:56:05.014288+00:00,error,HTTPError,HTTP Error 401: Unauthorized
alexxiyang/shiro-redis,https://github.com/alexxiyang/shiro-redis,2026-08-14T16:56:05.168829+00:00,error,HTTPError,HTTP Error 401: Unauthorized
algolia/algoliasearch-client-java-2,https://github.com/algolia/algoliasearch-client-java-2,2026-08-14T16:56:05.333615+00:00,error,HTTPError,HTTP Error 401: Unauthorized
alibaba/Sentinel,https://github.com/alibaba/Sentinel,2026-08-14T16:56:05.580051+00:00,error,HTTPError,HTTP Error 401: Unauthorized
alibaba/canal,https://github.com/alibaba/canal,2026-08-14T16:56:05.747561+00:00,error,HTTPError,HTTP Error 401: Unauthorized
alibaba/druid,https://github.com/alibaba/druid,2026-08-14T16:56:05.909232+00:00,error,HTTPError,HTTP Error 401: Unauthorized
alluxio/alluxio,https://github.com/alluxio/alluxio,2026-08-14T16:56:06.154192+00:00,error,HTTPError,HTTP Error 401: Unauthorized
almex/Raildelays,https://github.com/almex/Raildelays,2026-08-14T16:56:06.321906+00:00,error,HTTPError,HTTP Error 401: Unauthorized
americanexpress/synapse,https://github.com/americanexpress/synapse,2026-08-14T16:56:06.572376+00:00,error,HTTPError,HTTP Error 401: Unauthorized
annot8/annot8-components,https://github.com/annot8/annot8-components,2026-08-14T16:56:06.745933+00:00,error,HTTPError,HTTP Error 401: Unauthorized
anotheria/ano-util,https://github.com/anotheria/ano-util,2026-08-14T16:56:06.908803+00:00,error,HTTPError,HTTP Error 401: Unauthorized
anotheria/moskito,https://github.com/anotheria/moskito,2026-08-14T16:56:07.178605+00:00,error,HTTPError,HTTP Error 401: Unauthorized
aoju/bus,https://github.com/aoju/bus,2026-08-14T16:56:07.340862+00:00,error,HTTPError,HTTP Error 401: Unauthorized
apache/airavata,https://github.com/apache/airavata,2026-08-14T16:56:07.572942+00:00,error,HTTPError,HTTP Error 401: Unauthorized
apache/any23,https://github.com/apache/any23,2026-08-14T16:56:07.741119+00:00,error,HTTPError,HTTP Error 401: Unauthorized
apache/avro,https://github.com/apache/avro,2026-08-14T16:56:07.901479+00:00,error,HTTPError,HTTP Error 401: Unauthorized
apache/bookkeeper,https://github.com/apache/bookkeeper,2026-08-14T16:56:08.148960+00:00,error,HTTPError,HTTP Error 401: Unauthorized
apache/flink,https://github.com/apache/flink,2026-08-14T16:56:08.322848+00:00,error,HTTPError,HTTP Error 401: Unauthorized
apache/incubator-dubbo,https://github.com/apache/incubator-dubbo,2026-08-14T16:56:08.480404+00:00,error,HTTPError,HTTP Error 401: Unauthorized
apache/incubator-nlpcraft,https://github.com/apache/incubator-nlpcraft,2026-08-14T16:56:08.727020+00:00,error,HTTPError,HTTP Error 401: Unauthorized
apache/incubator-plc4x,https://github.com/apache/incubator-plc4x,2026-08-14T16:56:08.906521+00:00,error,HTTPError,HTTP Error 401: Unauthorized
apache/juneau,https://github.com/apache/juneau,2026-08-14T16:56:09.145063+00:00,error,HTTPError,HTTP Error 401: Unauthorized
apache/openmeetings,https://github.com/apache/openmeetings,2026-08-14T16:56:09.327278+00:00,error,HTTPError,HTTP Error 401: Unauthorized
apache/parquet-mr,https://github.com/apache/parquet-mr,2026-08-14T16:56:09.502264+00:00,error,HTTPError,HTTP Error 401: Unauthorized
apache/plc4x,https://github.com/apache/plc4x,2026-08-14T16:56:09.719061+00:00,error,HTTPError,HTTP Error 401: Unauthorized
apache/ranger,https://github.com/apache/ranger,2026-08-14T16:56:09.879717+00:00,error,HTTPError,HTTP Error 401: Unauthorized
apache/reef,https://github.com/apache/reef,2026-08-14T16:56:10.038612+00:00,error,HTTPError,HTTP Error 401: Unauthorized
apache/royale-compiler,https://github.com/apache/royale-compiler,2026-08-14T16:56:10.247119+00:00,error,HTTPError,HTTP Error 401: Unauthorized
apicurio/apicurio-registry,https://github.com/apicurio/apicurio-registry,2026-08-14T16:56:10.410341+00:00,error,HTTPError,HTTP Error 401: Unauthorized
apigee/apigee-config-maven-plugin,https://github.com/apigee/apigee-config-maven-plugin,2026-08-14T16:56:10.586182+00:00,error,HTTPError,HTTP Error 401: Unauthorized
apigee/apigee-smartdocs-maven-plugin,https://github.com/apigee/apigee-smartdocs-maven-plugin,2026-08-14T16:56:10.899839+00:00,error,HTTPError,HTTP Error 401: Unauthorized
appNG/appng,https://github.com/appNG/appng,2026-08-14T16:56:11.142254+00:00,error,HTTPError,HTTP Error 401: Unauthorized
appNG/appng-scheduler,https://github.com/appNG/appng-scheduler,2026-08-14T16:56:11.518830+00:00,error,HTTPError,HTTP Error 401: Unauthorized
archiecobbs/dellroad-stuff,https://github.com/archiecobbs/dellroad-stuff,2026-08-14T16:56:11.766209+00:00,error,HTTPError,HTTP Error 401: Unauthorized
archiecobbs/jsimpledb,https://github.com/archiecobbs/jsimpledb,2026-08-14T16:56:12.096273+00:00,error,HTTPError,HTTP Error 401: Unauthorized
archivesunleashed/aut,https://github.com/archivesunleashed/aut,2026-08-14T16:56:12.468174+00:00,error,HTTPError,HTTP Error 401: Unauthorized
arenadata/hive,https://github.com/arenadata/hive,2026-08-14T16:56:12.628937+00:00,error,HTTPError,HTTP Error 401: Unauthorized
arpnetworking/commons,https://github.com/arpnetworking/commons,2026-08-14T16:56:12.992847+00:00,error,HTTPError,HTTP Error 401: Unauthorized
arpnetworking/logback-steno,https://github.com/arpnetworking/logback-steno,2026-08-14T16:56:13.341924+00:00,error,HTTPError,HTTP Error 401: Unauthorized
arpnetworking/metrics-cluster-aggregator,https://github.com/arpnetworking/metrics-cluster-aggregator,2026-08-14T16:56:13.620220+00:00,error,HTTPError,HTTP Error 401: Unauthorized
ashwanthkumar/gocd-java-client,https://github.com/ashwanthkumar/gocd-java-client,2026-08-14T16:56:13.864288+00:00,error,HTTPError,HTTP Error 401: Unauthorized
aspectran/aspectran,https://github.com/aspectran/aspectran,2026-08-14T16:56:14.270354+00:00,error,HTTPError,HTTP Error 401: Unauthorized
astrapi69/jetty-runner,https://github.com/astrapi69/jetty-runner,2026-08-14T16:56:14.620701+00:00,error,HTTPError,HTTP Error 401: Unauthorized
astrapi69/mystic-crypt,https://github.com/astrapi69/mystic-crypt,2026-08-14T16:56:14.780538+00:00,error,HTTPError,HTTP Error 401: Unauthorized
astrapi69/spring-tool-extensions,https://github.com/astrapi69/spring-tool-extensions,2026-08-14T16:56:15.266486+00:00,error,HTTPError,HTTP Error 401: Unauthorized
automatiko-io/automatiko-engine,https://github.com/automatiko-io/automatiko-engine,2026-08-14T16:56:15.614117+00:00,error,HTTPError,HTTP Error 401: Unauthorized
awslabs/amazon-kinesis-client,https://github.com/awslabs/amazon-kinesis-client,2026-08-14T16:56:15.772010+00:00,error,HTTPError,HTTP Error 401: Unauthorized
baayso/commons,https://github.com/baayso/commons,2026-08-14T16:56:16.072234+00:00,error,HTTPError,HTTP Error 401: Unauthorized
basestar/basestar,https://github.com/basestar/basestar,2026-08-14T16:56:16.366687+00:00,error,HTTPError,HTTP Error 401: Unauthorized
bcgov/cpf,https://github.com/bcgov/cpf,2026-08-14T16:56:16.711470+00:00,error,HTTPError,HTTP Error 401: Unauthorized
beangle/beangle3,https://github.com/beangle/beangle3,2026-08-14T16:56:16.874099+00:00,error,HTTPError,HTTP Error 401: Unauthorized
bedrin/kerb4j,https://github.com/bedrin/kerb4j,2026-08-14T16:56:17.115106+00:00,error,HTTPError,HTTP Error 401: Unauthorized
benas/easy-batch,https://github.com/benas/easy-batch,2026-08-14T16:56:17.278337+00:00,error,HTTPError,HTTP Error 401: Unauthorized
binfalse/ModelCrawler,https://github.com/binfalse/ModelCrawler,2026-08-14T16:56:17.534130+00:00,error,HTTPError,HTTP Error 401: Unauthorized
bitblit/wrench,https://github.com/bitblit/wrench,2026-08-14T16:56:17.699274+00:00,error,HTTPError,HTTP Error 401: Unauthorized
bjuvensjo/rsimulator,https://github.com/bjuvensjo/rsimulator,2026-08-14T16:56:17.881742+00:00,error,HTTPError,HTTP Error 401: Unauthorized
bld-commons/dev-excel,https://github.com/bld-commons/dev-excel,2026-08-14T16:56:18.107150+00:00,error,HTTPError,HTTP Error 401: Unauthorized
blinkfox/jpack-maven-plugin,https://github.com/blinkfox/jpack-maven-plugin,2026-08-14T16:56:18.266979+00:00,error,HTTPError,HTTP Error 401: Unauthorized
blossom-project/blossom,https://github.com/blossom-project/blossom,2026-08-14T16:56:18.424687+00:00,error,HTTPError,HTTP Error 401: Unauthorized
bonigarcia/selenium-jupiter,https://github.com/bonigarcia/selenium-jupiter,2026-08-14T16:56:18.628909+00:00,error,HTTPError,HTTP Error 401: Unauthorized
bonitasoft/bonita-engine,https://github.com/bonitasoft/bonita-engine,2026-08-14T16:56:18.824257+00:00,error,HTTPError,HTTP Error 401: Unauthorized
bootique/bootique-shiro,https://github.com/bootique/bootique-shiro,2026-08-14T16:56:18.995200+00:00,error,HTTPError,HTTP Error 401: Unauthorized
borball/weixin-sdk,https://github.com/borball/weixin-sdk,2026-08-14T16:56:19.235074+00:00,error,HTTPError,HTTP Error 401: Unauthorized
bsorrentino/maven-confluence-plugin,https://github.com/bsorrentino/maven-confluence-plugin,2026-08-14T16:56:19.425436+00:00,error,HTTPError,HTTP Error 401: Unauthorized
btc-ag/redg,https://github.com/btc-ag/redg,2026-08-14T16:56:19.630725+00:00,error,HTTPError,HTTP Error 401: Unauthorized
btheu/estivate,https://github.com/btheu/estivate,2026-08-14T16:56:19.791810+00:00,error,HTTPError,HTTP Error 401: Unauthorized
btrplace/scheduler,https://github.com/btrplace/scheduler,2026-08-14T16:56:19.946174+00:00,error,HTTPError,HTTP Error 401: Unauthorized
bujiio/buji-pac4j,https://github.com/bujiio/buji-pac4j,2026-08-14T16:56:20.155134+00:00,error,HTTPError,HTTP Error 401: Unauthorized
caelum/vraptor4,https://github.com/caelum/vraptor4,2026-08-14T16:56:20.318439+00:00,error,HTTPError,HTTP Error 401: Unauthorized
camel-extra/camel-extra,https://github.com/camel-extra/camel-extra,2026-08-14T16:56:20.487397+00:00,error,HTTPError,HTTP Error 401: Unauthorized
camunda-community-hub/zeebe-exporter-protobuf,https://github.com/camunda-community-hub/zeebe-exporter-protobuf,2026-08-14T16:56:20.728463+00:00,error,HTTPError,HTTP Error 401: Unauthorized
carewebframework/carewebframework-core,https://github.com/carewebframework/carewebframework-core,2026-08-14T16:56:20.923087+00:00,error,HTTPError,HTTP Error 401: Unauthorized
carrot2/elasticsearch-carrot2,https://github.com/carrot2/elasticsearch-carrot2,2026-08-14T16:56:21.087076+00:00,error,HTTPError,HTTP Error 401: Unauthorized
caskdata/cdap,https://github.com/caskdata/cdap,2026-08-14T16:56:21.310469+00:00,error,HTTPError,HTTP Error 401: Unauthorized
cassandre-tech/cassandre-trading-bot,https://github.com/cassandre-tech/cassandre-trading-bot,2026-08-14T16:56:21.475400+00:00,error,HTTPError,HTTP Error 401: Unauthorized
cerner/beadledom,https://github.com/cerner/beadledom,2026-08-14T16:56:21.728166+00:00,error,HTTPError,HTTP Error 401: Unauthorized
chainsql/java-chainsql-api,https://github.com/chainsql/java-chainsql-api,2026-08-14T16:56:21.888523+00:00,error,HTTPError,HTTP Error 401: Unauthorized
charithe/kafka-junit,https://github.com/charithe/kafka-junit,2026-08-14T16:56:22.048287+00:00,error,HTTPError,HTTP Error 401: Unauthorized
chelu/jdal,https://github.com/chelu/jdal,2026-08-14T16:56:22.300431+00:00,error,HTTPError,HTTP Error 401: Unauthorized
cheny2151/toolbox,https://github.com/cheny2151/toolbox,2026-08-14T16:56:22.491720+00:00,error,HTTPError,HTTP Error 401: Unauthorized
chhorz/oas-generator,https://github.com/chhorz/oas-generator,2026-08-14T16:56:22.664677+00:00,error,HTTPError,HTTP Error 401: Unauthorized
chilloutdevelopment/pl.chilldev.commons,https://github.com/chilloutdevelopment/pl.chilldev.commons,2026-08-14T16:56:22.880702+00:00,error,HTTPError,HTTP Error 401: Unauthorized
christian-schlichtherle/truelicense,https://github.com/christian-schlichtherle/truelicense,2026-08-14T16:56:23.071860+00:00,error,HTTPError,HTTP Error 401: Unauthorized
citrusframework/citrus,https://github.com/citrusframework/citrus,2026-08-14T16:56:23.301180+00:00,error,HTTPError,HTTP Error 401: Unauthorized
claudius108/kuberam-expath-plugin,https://github.com/claudius108/kuberam-expath-plugin,2026-08-14T16:56:23.487886+00:00,error,HTTPError,HTTP Error 401: Unauthorized
cloud-of-things/cot-java-rest-sdk,https://github.com/cloud-of-things/cot-java-rest-sdk,2026-08-14T16:56:23.648080+00:00,error,HTTPError,HTTP Error 401: Unauthorized
cloudfoundry/cf-java-client,https://github.com/cloudfoundry/cf-java-client,2026-08-14T16:56:23.887496+00:00,error,HTTPError,HTTP Error 401: Unauthorized
cmake-maven-project/cmake-maven-project,https://github.com/cmake-maven-project/cmake-maven-project,2026-08-14T16:56:24.068355+00:00,error,HTTPError,HTTP Error 401: Unauthorized
codahale/xsalsa20poly1305,https://github.com/codahale/xsalsa20poly1305,2026-08-14T16:56:24.257288+00:00,error,HTTPError,HTTP Error 401: Unauthorized
code4craft/xsoup,https://github.com/code4craft/xsoup,2026-08-14T16:56:24.523754+00:00,error,HTTPError,HTTP Error 401: Unauthorized
codelibs/elasticsearch-analysis-extension,https://github.com/codelibs/elasticsearch-analysis-extension,2026-08-14T16:56:24.714261+00:00,error,HTTPError,HTTP Error 401: Unauthorized
codelibs/elasticsearch-analysis-fess,https://github.com/codelibs/elasticsearch-analysis-fess,2026-08-14T16:56:24.997030+00:00,error,HTTPError,HTTP Error 401: Unauthorized
codelibs/elasticsearch-analysis-ja,https://github.com/codelibs/elasticsearch-analysis-ja,2026-08-14T16:56:25.158508+00:00,error,HTTPError,HTTP Error 401: Unauthorized
codelibs/elasticsearch-analysis-kuromoji-neologd,https://github.com/codelibs/elasticsearch-analysis-kuromoji-neologd,2026-08-14T16:56:25.397615+00:00,error,HTTPError,HTTP Error 401: Unauthorized
codelibs/elasticsearch-cluster-runner,https://github.com/codelibs/elasticsearch-cluster-runner,2026-08-14T16:56:25.575893+00:00,error,HTTPError,HTTP Error 401: Unauthorized
codelibs/elasticsearch-configsync,https://github.com/codelibs/elasticsearch-configsync,2026-08-14T16:56:25.744574+00:00,error,HTTPError,HTTP Error 401: Unauthorized
codelibs/elasticsearch-dataformat,https://github.com/codelibs/elasticsearch-dataformat,2026-08-14T16:56:25.975564+00:00,error,HTTPError,HTTP Error 401: Unauthorized
codelibs/elasticsearch-dynarank,https://github.com/codelibs/elasticsearch-dynarank,2026-08-14T16:56:26.140292+00:00,error,HTTPError,HTTP Error 401: Unauthorized
codelibs/elasticsearch-lang-velocity,https://github.com/codelibs/elasticsearch-lang-velocity,2026-08-14T16:56:26.296161+00:00,error,HTTPError,HTTP Error 401: Unauthorized
codelibs/elasticsearch-minhash,https://github.com/codelibs/elasticsearch-minhash,2026-08-14T16:56:26.561655+00:00,error,HTTPError,HTTP Error 401: Unauthorized
codelibs/elasticsearch-solr-api,https://github.com/codelibs/elasticsearch-solr-api,2026-08-14T16:56:26.744283+00:00,error,HTTPError,HTTP Error 401: Unauthorized
codelibs/elasticsearch-sstmpl,https://github.com/codelibs/elasticsearch-sstmpl,2026-08-14T16:56:26.969964+00:00,error,HTTPError,HTTP Error 401: Unauthorized
codelibs/elasticsearch-taste,https://github.com/codelibs/elasticsearch-taste,2026-08-14T16:56:27.133224+00:00,error,HTTPError,HTTP Error 401: Unauthorized
codelibs/fess-crawler,https://github.com/codelibs/fess-crawler,2026-08-14T16:56:27.296860+00:00,error,HTTPError,HTTP Error 401: Unauthorized
codelibs/fess-ds-atlassian,https://github.com/codelibs/fess-ds-atlassian,2026-08-14T16:56:27.561571+00:00,error,HTTPError,HTTP Error 401: Unauthorized
codelibs/fess-ds-csv,https://github.com/codelibs/fess-ds-csv,2026-08-14T16:56:27.729154+00:00,error,HTTPError,HTTP Error 401: Unauthorized
codelibs/fess-ds-db,https://github.com/codelibs/fess-ds-db,2026-08-14T16:56:28.160538+00:00,error,HTTPError,HTTP Error 401: Unauthorized
codelibs/fess-ds-elasticsearch,https://github.com/codelibs/fess-ds-elasticsearch,2026-08-14T16:56:28.384053+00:00,error,HTTPError,HTTP Error 401: Unauthorized
codelibs/fess-ds-gitbucket,https://github.com/codelibs/fess-ds-gitbucket,2026-08-14T16:56:28.718618+00:00,error,HTTPError,HTTP Error 401: Unauthorized
codelibs/fess-ds-gsuite,https://github.com/codelibs/fess-ds-gsuite,2026-08-14T16:56:29.067231+00:00,error,HTTPError,HTTP Error 401: Unauthorized
codemonstur/HTMLCompiler,https://github.com/codemonstur/HTMLCompiler,2026-08-14T16:56:29.323316+00:00,error,HTTPError,HTTP Error 401: Unauthorized
codescape/bitvunit,https://github.com/codescape/bitvunit,2026-08-14T16:56:29.482564+00:00,error,HTTPError,HTTP Error 401: Unauthorized
cofcool/chaos-server,https://github.com/cofcool/chaos-server,2026-08-14T16:56:29.946253+00:00,error,HTTPError,HTTP Error 401: Unauthorized
cometd/cometd,https://github.com/cometd/cometd,2026-08-14T16:56:30.293965+00:00,error,HTTPError,HTTP Error 401: Unauthorized
commercetools/commercetools-jvm-sdk,https://github.com/commercetools/commercetools-jvm-sdk,2026-08-14T16:56:30.456160+00:00,error,HTTPError,HTTP Error 401: Unauthorized
confluentinc/parallel-consumer,https://github.com/confluentinc/parallel-consumer,2026-08-14T16:56:30.818175+00:00,error,HTTPError,HTTP Error 401: Unauthorized
contentful/contentful-management.java,https://github.com/contentful/contentful-management.java,2026-08-14T16:56:31.165690+00:00,error,HTTPError,HTTP Error 401: Unauthorized
contentful/contentful.java,https://github.com/contentful/contentful.java,2026-08-14T16:56:31.450612+00:00,error,HTTPError,HTTP Error 401: Unauthorized
conveyal/r5,https://github.com/conveyal/r5,2026-08-14T16:56:31.689476+00:00,error,HTTPError,HTTP Error 401: Unauthorized
cose-wg/cose-java,https://github.com/cose-wg/cose-java,2026-08-14T16:56:32.101425+00:00,error,HTTPError,HTTP Error 401: Unauthorized
couchbase/kafka-connect-couchbase,https://github.com/couchbase/kafka-connect-couchbase,2026-08-14T16:56:32.450008+00:00,error,HTTPError,HTTP Error 401: Unauthorized
craftercms/core,https://github.com/craftercms/core,2026-08-14T16:56:32.616857+00:00,error,HTTPError,HTTP Error 401: Unauthorized
craftercms/profile,https://github.com/craftercms/profile,2026-08-14T16:56:33.070133+00:00,error,HTTPError,HTTP Error 401: Unauthorized
craftercms/search,https://github.com/craftercms/search,2026-08-14T16:56:33.438790+00:00,error,HTTPError,HTTP Error 401: Unauthorized
credibledoc/credible-doc,https://github.com/credibledoc/credible-doc,2026-08-14T16:56:33.603349+00:00,error,HTTPError,HTTP Error 401: Unauthorized
cryptomator/siv-mode,https://github.com/cryptomator/siv-mode,2026-08-14T16:56:33.966622+00:00,error,HTTPError,HTTP Error 401: Unauthorized
cryptomator/webdav-nio-adapter,https://github.com/cryptomator/webdav-nio-adapter,2026-08-14T16:56:34.132475+00:00,error,HTTPError,HTTP Error 401: Unauthorized
ctron/rpm-builder,https://github.com/ctron/rpm-builder,2026-08-14T16:56:34.355063+00:00,error,HTTPError,HTTP Error 401: Unauthorized
cucumber/cucumber-jvm,https://github.com/cucumber/cucumber-jvm,2026-08-14T16:56:34.537842+00:00,error,HTTPError,HTTP Error 401: Unauthorized
dadoonet/fscrawler,https://github.com/dadoonet/fscrawler,2026-08-14T16:56:34.724896+00:00,error,HTTPError,HTTP Error 401: Unauthorized
dadoonet/rssriver,https://github.com/dadoonet/rssriver,2026-08-14T16:56:34.939378+00:00,error,HTTPError,HTTP Error 401: Unauthorized
dadoonet/spring-elasticsearch,https://github.com/dadoonet/spring-elasticsearch,2026-08-14T16:56:35.115052+00:00,error,HTTPError,HTTP Error 401: Unauthorized
damiencarol/jsr203-hadoop,https://github.com/damiencarol/jsr203-hadoop,2026-08-14T16:56:35.358265+00:00,error,HTTPError,HTTP Error 401: Unauthorized
datasonnet/datasonnet-mapper,https://github.com/datasonnet/datasonnet-mapper,2026-08-14T16:56:35.523526+00:00,error,HTTPError,HTTP Error 401: Unauthorized
datastax/simulacron,https://github.com/datastax/simulacron,2026-08-14T16:56:35.684567+00:00,error,HTTPError,HTTP Error 401: Unauthorized
davidcarboni/Cryptolite,https://github.com/davidcarboni/Cryptolite,2026-08-14T16:56:35.934895+00:00,error,HTTPError,HTTP Error 401: Unauthorized
davidkarlsen/Commons-Transaction-Spring-Integration,https://github.com/davidkarlsen/Commons-Transaction-Spring-Integration,2026-08-14T16:56:36.093663+00:00,error,HTTPError,HTTP Error 401: Unauthorized
dblock/waffle,https://github.com/dblock/waffle,2026-08-14T16:56:36.285706+00:00,error,HTTPError,HTTP Error 401: Unauthorized
dbmdz/cudami,https://github.com/dbmdz/cudami,2026-08-14T16:56:36.511908+00:00,error,HTTPError,HTTP Error 401: Unauthorized
dbmdz/digitalcollections-model,https://github.com/dbmdz/digitalcollections-model,2026-08-14T16:56:36.672272+00:00,error,HTTPError,HTTP Error 401: Unauthorized
dbmdz/iiif-apis,https://github.com/dbmdz/iiif-apis,2026-08-14T16:56:36.836204+00:00,error,HTTPError,HTTP Error 401: Unauthorized
dbmdz/iiif-bookshelf-webapp,https://github.com/dbmdz/iiif-bookshelf-webapp,2026-08-14T16:56:37.102697+00:00,error,HTTPError,HTTP Error 401: Unauthorized
dbmdz/iiif-server-hymir,https://github.com/dbmdz/iiif-server-hymir,2026-08-14T16:56:37.293307+00:00,error,HTTPError,HTTP Error 401: Unauthorized
de4a-wp5/de4a-commons,https://github.com/de4a-wp5/de4a-commons,2026-08-14T16:56:37.507811+00:00,error,HTTPError,HTTP Error 401: Unauthorized
debezium/debezium,https://github.com/debezium/debezium,2026-08-14T16:56:37.670253+00:00,error,HTTPError,HTTP Error 401: Unauthorized
deeplearning4j/deeplearning4j,https://github.com/deeplearning4j/deeplearning4j,2026-08-14T16:56:37.827515+00:00,error,HTTPError,HTTP Error 401: Unauthorized
dekorateio/dekorate,https://github.com/dekorateio/dekorate,2026-08-14T16:56:38.028366+00:00,error,HTTPError,HTTP Error 401: Unauthorized
dernasherbrezon/deb-maven-plugin,https://github.com/dernasherbrezon/deb-maven-plugin,2026-08-14T16:56:38.211600+00:00,error,HTTPError,HTTP Error 401: Unauthorized
detectiveframework/detective,https://github.com/detectiveframework/detective,2026-08-14T16:56:38.401087+00:00,error,HTTPError,HTTP Error 401: Unauthorized
devlibx/easy,https://github.com/devlibx/easy,2026-08-14T16:56:38.610750+00:00,error,HTTPError,HTTP Error 401: Unauthorized
dgroup/docker-unittests,https://github.com/dgroup/docker-unittests,2026-08-14T16:56:38.772659+00:00,error,HTTPError,HTTP Error 401: Unauthorized
dickschoeller/gedbrowser,https://github.com/dickschoeller/gedbrowser,2026-08-14T16:56:38.932704+00:00,error,HTTPError,HTTP Error 401: Unauthorized
diennea/blazingcache,https://github.com/diennea/blazingcache,2026-08-14T16:56:39.199470+00:00,error,HTTPError,HTTP Error 401: Unauthorized
diennea/blobit,https://github.com/diennea/blobit,2026-08-14T16:56:39.385098+00:00,error,HTTPError,HTTP Error 401: Unauthorized
difi/oxalis,https://github.com/difi/oxalis,2026-08-14T16:56:39.605800+00:00,error,HTTPError,HTTP Error 401: Unauthorized
difi/sikker-digital-post-klient,https://github.com/difi/sikker-digital-post-klient,2026-08-14T16:56:39.768222+00:00,error,HTTPError,HTTP Error 401: Unauthorized
digipost/certificate-validator,https://github.com/digipost/certificate-validator,2026-08-14T16:56:39.926953+00:00,error,HTTPError,HTTP Error 401: Unauthorized
digipost/digipost-api-client-java,https://github.com/digipost/digipost-api-client-java,2026-08-14T16:56:40.178747+00:00,error,HTTPError,HTTP Error 401: Unauthorized
digital-preservation/droid,https://github.com/digital-preservation/droid,2026-08-14T16:56:40.344270+00:00,error,HTTPError,HTTP Error 401: Unauthorized
dkpro/dkpro-core,https://github.com/dkpro/dkpro-core,2026-08-14T16:56:40.501657+00:00,error,HTTPError,HTTP Error 401: Unauthorized
dmandalidis/docker-client,https://github.com/dmandalidis/docker-client,2026-08-14T16:56:40.749732+00:00,error,HTTPError,HTTP Error 401: Unauthorized
dnsjava/dnsjava,https://github.com/dnsjava/dnsjava,2026-08-14T16:56:40.919818+00:00,error,HTTPError,HTTP Error 401: Unauthorized
docker-java/docker-java,https://github.com/docker-java/docker-java,2026-08-14T16:56:41.174707+00:00,error,HTTPError,HTTP Error 401: Unauthorized
dracoon/dracoon-java-sdk,https://github.com/dracoon/dracoon-java-sdk,2026-08-14T16:56:41.348181+00:00,error,HTTPError,HTTP Error 401: Unauthorized
drasyl-overlay/drasyl,https://github.com/drasyl-overlay/drasyl,2026-08-14T16:56:41.509962+00:00,error,HTTPError,HTTP Error 401: Unauthorized
dromara/hutool,https://github.com/dromara/hutool,2026-08-14T16:56:41.753789+00:00,error,HTTPError,HTTP Error 401: Unauthorized
druid-io/druid,https://github.com/druid-io/druid,2026-08-14T16:56:41.916058+00:00,error,HTTPError,HTTP Error 401: Unauthorized
dts-ait/ariadne-json-route-format,https://github.com/dts-ait/ariadne-json-route-format,2026-08-14T16:56:42.174752+00:00,error,HTTPError,HTTP Error 401: Unauthorized
duracloud/duracloud,https://github.com/duracloud/duracloud,2026-08-14T16:56:42.336045+00:00,error,HTTPError,HTTP Error 401: Unauthorized
duracloud/duracloud-db,https://github.com/duracloud/duracloud-db,2026-08-14T16:56:42.495918+00:00,error,HTTPError,HTTP Error 401: Unauthorized
duracloud/snapshot,https://github.com/duracloud/snapshot,2026-08-14T16:56:42.769205+00:00,error,HTTPError,HTTP Error 401: Unauthorized
dustin-johnson/timezonemap,https://github.com/dustin-johnson/timezonemap,2026-08-14T16:56:42.937654+00:00,error,HTTPError,HTTP Error 401: Unauthorized
dwslab/melt,https://github.com/dwslab/melt,2026-08-14T16:56:43.103071+00:00,error,HTTPError,HTTP Error 401: Unauthorized
eclipse-ee4j/glassfish,https://github.com/eclipse-ee4j/glassfish,2026-08-14T16:56:43.370336+00:00,error,HTTPError,HTTP Error 401: Unauthorized
eclipse/deeplearning4j,https://github.com/eclipse/deeplearning4j,2026-08-14T16:56:43.536694+00:00,error,HTTPError,HTTP Error 401: Unauthorized
eclipse/hono,https://github.com/eclipse/hono,2026-08-14T16:56:43.804783+00:00,error,HTTPError,HTTP Error 401: Unauthorized
egetman/jes,https://github.com/egetman/jes,2026-08-14T16:56:43.991617+00:00,error,HTTPError,HTTP Error 401: Unauthorized
egzosn/pay-java-parent,https://github.com/egzosn/pay-java-parent,2026-08-14T16:56:44.157429+00:00,error,HTTPError,HTTP Error 401: Unauthorized
ehrbase/ehrbase,https://github.com/ehrbase/ehrbase,2026-08-14T16:56:44.397926+00:00,error,HTTPError,HTTP Error 401: Unauthorized
eirslett/frontend-maven-plugin,https://github.com/eirslett/frontend-maven-plugin,2026-08-14T16:56:44.658740+00:00,error,HTTPError,HTTP Error 401: Unauthorized
electronicarts/ea-async,https://github.com/electronicarts/ea-async,2026-08-14T16:56:44.914873+00:00,error,HTTPError,HTTP Error 401: Unauthorized
englishtown/vertx-mod-elasticsearch,https://github.com/englishtown/vertx-mod-elasticsearch,2026-08-14T16:56:45.626133+00:00,error,HTTPError,HTTP Error 401: Unauthorized
enioka/jqm,https://github.com/enioka/jqm,2026-08-14T16:56:46.127693+00:00,error,HTTPError,HTTP Error 401: Unauthorized
entur/mapstruct-spi-protobuf,https://github.com/entur/mapstruct-spi-protobuf,2026-08-14T16:56:46.367522+00:00,error,HTTPError,HTTP Error 401: Unauthorized
envoyproxy/protoc-gen-validate,https://github.com/envoyproxy/protoc-gen-validate,2026-08-14T16:56:46.749031+00:00,error,HTTPError,HTTP Error 401: Unauthorized
erudika/para-dao-sql,https://github.com/erudika/para-dao-sql,2026-08-14T16:56:47.119875+00:00,error,HTTPError,HTTP Error 401: Unauthorized
esaulpaugh/headlong,https://github.com/esaulpaugh/headlong,2026-08-14T16:56:47.289673+00:00,error,HTTPError,HTTP Error 401: Unauthorized
esbtools/esb-message-admin,https://github.com/esbtools/esb-message-admin,2026-08-14T16:56:47.769236+00:00,error,HTTPError,HTTP Error 401: Unauthorized
eu-emi/canl-java,https://github.com/eu-emi/canl-java,2026-08-14T16:56:48.118010+00:00,error,HTTPError,HTTP Error 401: Unauthorized
euler-projects/euler-framework,https://github.com/euler-projects/euler-framework,2026-08-14T16:56:48.287675+00:00,error,HTTPError,HTTP Error 401: Unauthorized
evanchooly/bottlerocket,https://github.com/evanchooly/bottlerocket,2026-08-14T16:56:48.641659+00:00,error,HTTPError,HTTP Error 401: Unauthorized
excelsior-oss/restler,https://github.com/excelsior-oss/restler,2026-08-14T16:56:48.988833+00:00,error,HTTPError,HTTP Error 401: Unauthorized
exist-db/exist,https://github.com/exist-db/exist,2026-08-14T16:56:49.268012+00:00,error,HTTPError,HTTP Error 401: Unauthorized
fabric8io/elasticsearch-cloud-kubernetes,https://github.com/fabric8io/elasticsearch-cloud-kubernetes,2026-08-14T16:56:49.514345+00:00,error,HTTPError,HTTP Error 401: Unauthorized
fabric8io/fabric8,https://github.com/fabric8io/fabric8,2026-08-14T16:56:49.916486+00:00,error,HTTPError,HTTP Error 401: Unauthorized
fabric8io/kubernetes-client,https://github.com/fabric8io/kubernetes-client,2026-08-14T16:56:50.350964+00:00,error,HTTPError,HTTP Error 401: Unauthorized
factcast/factcast,https://github.com/factcast/factcast,2026-08-14T16:56:50.561432+00:00,error,HTTPError,HTTP Error 401: Unauthorized
fartherp/framework,https://github.com/fartherp/framework,2026-08-14T16:56:50.845749+00:00,error,HTTPError,HTTP Error 401: Unauthorized
fastjrun/sdkg,https://github.com/fastjrun/sdkg,2026-08-14T16:56:51.086668+00:00,error,HTTPError,HTTP Error 401: Unauthorized
fcrepo-exts/fcrepo-camel,https://github.com/fcrepo-exts/fcrepo-camel,2026-08-14T16:56:51.272616+00:00,error,HTTPError,HTTP Error 401: Unauthorized
fcrepo-exts/fcrepo-camel-toolbox,https://github.com/fcrepo-exts/fcrepo-camel-toolbox,2026-08-14T16:56:51.444196+00:00,error,HTTPError,HTTP Error 401: Unauthorized
fcrepo/fcrepo,https://github.com/fcrepo/fcrepo,2026-08-14T16:56:51.668931+00:00,error,HTTPError,HTTP Error 401: Unauthorized
fcrepo3/fcrepo,https://github.com/fcrepo3/fcrepo,2026-08-14T16:56:51.833392+00:00,error,HTTPError,HTTP Error 401: Unauthorized
fcrepo4-exts/fcrepo-camel-toolbox,https://github.com/fcrepo4-exts/fcrepo-camel-toolbox,2026-08-14T16:56:52.014997+00:00,error,HTTPError,HTTP Error 401: Unauthorized
fedora-java/xmvn,https://github.com/fedora-java/xmvn,2026-08-14T16:56:52.254766+00:00,error,HTTPError,HTTP Error 401: Unauthorized
felleslosninger/efm-integrasjonspunkt,https://github.com/felleslosninger/efm-integrasjonspunkt,2026-08-14T16:56:52.442570+00:00,error,HTTPError,HTTP Error 401: Unauthorized
fidusio/zoxweb-core,https://github.com/fidusio/zoxweb-core,2026-08-14T16:56:52.659594+00:00,error,HTTPError,HTTP Error 401: Unauthorized
fizzed/stork,https://github.com/fizzed/stork,2026-08-14T16:56:52.817868+00:00,error,HTTPError,HTTP Error 401: Unauthorized
flapdoodle-oss/de.flapdoodle.embed.process,https://github.com/flapdoodle-oss/de.flapdoodle.embed.process,2026-08-14T16:56:53.001207+00:00,error,HTTPError,HTTP Error 401: Unauthorized
flowable/flowable-engine,https://github.com/flowable/flowable-engine,2026-08-14T16:56:53.233595+00:00,error,HTTPError,HTTP Error 401: Unauthorized
flowlogix/flowlogix,https://github.com/flowlogix/flowlogix,2026-08-14T16:56:53.396983+00:00,error,HTTPError,HTTP Error 401: Unauthorized
fluo-io/fluo,https://github.com/fluo-io/fluo,2026-08-14T16:56:53.553886+00:00,error,HTTPError,HTTP Error 401: Unauthorized
flyingsaucerproject/flyingsaucer,https://github.com/flyingsaucerproject/flyingsaucer,2026-08-14T16:56:53.759659+00:00,error,HTTPError,HTTP Error 401: Unauthorized
flyway/flyway,https://github.com/flyway/flyway,2026-08-14T16:56:53.923248+00:00,error,HTTPError,HTTP Error 401: Unauthorized
freedomotic/freedomotic,https://github.com/freedomotic/freedomotic,2026-08-14T16:56:54.083947+00:00,error,HTTPError,HTTP Error 401: Unauthorized
fuinorg/event-store-maven-plugin,https://github.com/fuinorg/event-store-maven-plugin,2026-08-14T16:56:54.334040+00:00,error,HTTPError,HTTP Error 401: Unauthorized
fujion/fujion-framework,https://github.com/fujion/fujion-framework,2026-08-14T16:56:54.495931+00:00,error,HTTPError,HTTP Error 401: Unauthorized
furkandogan/web-automation-template,https://github.com/furkandogan/web-automation-template,2026-08-14T16:56:54.654790+00:00,error,HTTPError,HTTP Error 401: Unauthorized
g-research/siembol,https://github.com/g-research/siembol,2026-08-14T16:56:54.910536+00:00,error,HTTPError,HTTP Error 401: Unauthorized
galan/commons,https://github.com/galan/commons,2026-08-14T16:56:55.071003+00:00,error,HTTPError,HTTP Error 401: Unauthorized
galasa-dev/framework,https://github.com/galasa-dev/framework,2026-08-14T16:56:55.280976+00:00,error,HTTPError,HTTP Error 401: Unauthorized
geolatte/geolatte-geom,https://github.com/geolatte/geolatte-geom,2026-08-14T16:56:55.470811+00:00,error,HTTPError,HTTP Error 401: Unauthorized
geomajas/geomajas-project-client-gwt,https://github.com/geomajas/geomajas-project-client-gwt,2026-08-14T16:56:55.668715+00:00,error,HTTPError,HTTP Error 401: Unauthorized
georgberky/dependency-update-maven-plugin,https://github.com/georgberky/dependency-update-maven-plugin,2026-08-14T16:56:55.909371+00:00,error,HTTPError,HTTP Error 401: Unauthorized
gismaker/lambkit,https://github.com/gismaker/lambkit,2026-08-14T16:56:56.074413+00:00,error,HTTPError,HTTP Error 401: Unauthorized
godaddy/asherah,https://github.com/godaddy/asherah,2026-08-14T16:56:56.236685+00:00,error,HTTPError,HTTP Error 401: Unauthorized
goldmansachs/obevo,https://github.com/goldmansachs/obevo,2026-08-14T16:56:56.511538+00:00,error,HTTPError,HTTP Error 401: Unauthorized
google/tink,https://github.com/google/tink,2026-08-14T16:56:56.671821+00:00,error,HTTPError,HTTP Error 401: Unauthorized
graphaware/neo4j-framework,https://github.com/graphaware/neo4j-framework,2026-08-14T16:56:56.909439+00:00,error,HTTPError,HTTP Error 401: Unauthorized
graphhopper/graphhopper,https://github.com/graphhopper/graphhopper,2026-08-14T16:56:57.067830+00:00,error,HTTPError,HTTP Error 401: Unauthorized
grasshopper7/cucumber-pdf-report,https://github.com/grasshopper7/cucumber-pdf-report,2026-08-14T16:56:57.252528+00:00,error,HTTPError,HTTP Error 401: Unauthorized
grasshopper7/pdfextentreporter,https://github.com/grasshopper7/pdfextentreporter,2026-08-14T16:56:57.478245+00:00,error,HTTPError,HTTP Error 401: Unauthorized
gudaoxuri/dew-common,https://github.com/gudaoxuri/dew-common,2026-08-14T16:56:57.671182+00:00,error,HTTPError,HTTP Error 401: Unauthorized
gzxishan/OftenPorter,https://github.com/gzxishan/OftenPorter,2026-08-14T16:56:57.902526+00:00,error,HTTPError,HTTP Error 401: Unauthorized
hammock-project/hammock,https://github.com/hammock-project/hammock,2026-08-14T16:56:58.091352+00:00,error,HTTPError,HTTP Error 401: Unauthorized
hapifhir/hapi-fhir,https://github.com/hapifhir/hapi-fhir,2026-08-14T16:56:58.275851+00:00,error,HTTPError,HTTP Error 401: Unauthorized
hazelcast/hazelcast-simulator,https://github.com/hazelcast/hazelcast-simulator,2026-08-14T16:56:58.543335+00:00,error,HTTPError,HTTP Error 401: Unauthorized
hazendaz/displaytag,https://github.com/hazendaz/displaytag,2026-08-14T16:56:58.737716+00:00,error,HTTPError,HTTP Error 401: Unauthorized
hcoles/pitest,https://github.com/hcoles/pitest,2026-08-14T16:56:58.951870+00:00,error,HTTPError,HTTP Error 401: Unauthorized
helun/Ektorp,https://github.com/helun/Ektorp,2026-08-14T16:56:59.156964+00:00,error,HTTPError,HTTP Error 401: Unauthorized
heroku/heroku-maven-plugin,https://github.com/heroku/heroku-maven-plugin,2026-08-14T16:56:59.320425+00:00,error,HTTPError,HTTP Error 401: Unauthorized
heuermh/dishevelled,https://github.com/heuermh/dishevelled,2026-08-14T16:56:59.590767+00:00,error,HTTPError,HTTP Error 401: Unauthorized
hibernate/hibernate-ogm,https://github.com/hibernate/hibernate-ogm,2026-08-14T16:56:59.754198+00:00,error,HTTPError,HTTP Error 401: Unauthorized
holon-platform/holon-core,https://github.com/holon-platform/holon-core,2026-08-14T16:56:59.998281+00:00,error,HTTPError,HTTP Error 401: Unauthorized
huaweicloud/huaweicloud-sdk-java-dis,https://github.com/huaweicloud/huaweicloud-sdk-java-dis,2026-08-14T16:57:00.163138+00:00,error,HTTPError,HTTP Error 401: Unauthorized
hugegraph/hugegraph-loader,https://github.com/hugegraph/hugegraph-loader,2026-08-14T16:57:00.357171+00:00,error,HTTPError,HTTP Error 401: Unauthorized
hydrator/wrangler,https://github.com/hydrator/wrangler,2026-08-14T16:57:00.571982+00:00,error,HTTPError,HTTP Error 401: Unauthorized
hyperchain/javasdk,https://github.com/hyperchain/javasdk,2026-08-14T16:57:00.739272+00:00,error,HTTPError,HTTP Error 401: Unauthorized
hypercube1024/firefly,https://github.com/hypercube1024/firefly,2026-08-14T16:57:00.903615+00:00,error,HTTPError,HTTP Error 401: Unauthorized
hyperledger/fabric-sdk-java,https://github.com/hyperledger/fabric-sdk-java,2026-08-14T16:57:01.152836+00:00,error,HTTPError,HTTP Error 401: Unauthorized
iZettle/dropwizard-metrics-influxdb,https://github.com/iZettle/dropwizard-metrics-influxdb,2026-08-14T16:57:01.331948+00:00,error,HTTPError,HTTP Error 401: Unauthorized
idflakies/iDFlakies,https://github.com/idflakies/iDFlakies,2026-08-14T16:57:01.577841+00:00,error,HTTPError,HTTP Error 401: Unauthorized
iitsoftware/swiftmq-client,https://github.com/iitsoftware/swiftmq-client,2026-08-14T16:57:01.753691+00:00,error,HTTPError,HTTP Error 401: Unauthorized
ijazfx/graphenee,https://github.com/ijazfx/graphenee,2026-08-14T16:57:01.925682+00:00,error,HTTPError,HTTP Error 401: Unauthorized
ikasanEIP/ikasan,https://github.com/ikasanEIP/ikasan,2026-08-14T16:57:02.318373+00:00,error,HTTPError,HTTP Error 401: Unauthorized
in-toto/in-toto-java,https://github.com/in-toto/in-toto-java,2026-08-14T16:57:02.847918+00:00,error,HTTPError,HTTP Error 401: Unauthorized
infinispan/infinispan,https://github.com/infinispan/infinispan,2026-08-14T16:57:03.006562+00:00,error,HTTPError,HTTP Error 401: Unauthorized
influxdata/influxdb-java,https://github.com/influxdata/influxdb-java,2026-08-14T16:57:03.424343+00:00,error,HTTPError,HTTP Error 401: Unauthorized
inspire-software/geda-genericdto,https://github.com/inspire-software/geda-genericdto,2026-08-14T16:57:03.667234+00:00,error,HTTPError,HTTP Error 401: Unauthorized
intelligentcode/ameba-shiro,https://github.com/intelligentcode/ameba-shiro,2026-08-14T16:57:03.950247+00:00,error,HTTPError,HTTP Error 401: Unauthorized
internetarchive/heritrix3,https://github.com/internetarchive/heritrix3,2026-08-14T16:57:04.192835+00:00,error,HTTPError,HTTP Error 401: Unauthorized
iotaledger/iota-java,https://github.com/iotaledger/iota-java,2026-08-14T16:57:04.594157+00:00,error,HTTPError,HTTP Error 401: Unauthorized
j-easy/easy-batch,https://github.com/j-easy/easy-batch,2026-08-14T16:57:04.944487+00:00,error,HTTPError,HTTP Error 401: Unauthorized
jOOQ/jOOQ,https://github.com/jOOQ/jOOQ,2026-08-14T16:57:05.101833+00:00,error,HTTPError,HTTP Error 401: Unauthorized
jamesdbloom/mockservice,https://github.com/jamesdbloom/mockservice,2026-08-14T16:57:05.594957+00:00,error,HTTPError,HTTP Error 401: Unauthorized
javalite/activejdbc,https://github.com/javalite/activejdbc,2026-08-14T16:57:05.941676+00:00,error,HTTPError,HTTP Error 401: Unauthorized
javamelody/javamelody,https://github.com/javamelody/javamelody,2026-08-14T16:57:06.101510+00:00,error,HTTPError,HTTP Error 401: Unauthorized
javawebers/yt,https://github.com/javawebers/yt,2026-08-14T16:57:06.468547+00:00,error,HTTPError,HTTP Error 401: Unauthorized
jayway/powermock,https://github.com/jayway/powermock,2026-08-14T16:57:06.813751+00:00,error,HTTPError,HTTP Error 401: Unauthorized
jbake-org/jbake-maven-plugin,https://github.com/jbake-org/jbake-maven-plugin,2026-08-14T16:57:07.066280+00:00,error,HTTPError,HTTP Error 401: Unauthorized
jbehave/jbehave-core,https://github.com/jbehave/jbehave-core,2026-08-14T16:57:07.336704+00:00,error,HTTPError,HTTP Error 401: Unauthorized
jbossas/jboss-invocation,https://github.com/jbossas/jboss-invocation,2026-08-14T16:57:07.749577+00:00,error,HTTPError,HTTP Error 401: Unauthorized
jbossas/remoting-jmx,https://github.com/jbossas/remoting-jmx,2026-08-14T16:57:07.967922+00:00,error,HTTPError,HTTP Error 401: Unauthorized
jbossws/jbossws-cxf,https://github.com/jbossws/jbossws-cxf,2026-08-14T16:57:08.127821+00:00,error,HTTPError,HTTP Error 401: Unauthorized
jcabi/jcabi-http,https://github.com/jcabi/jcabi-http,2026-08-14T16:57:08.288634+00:00,error,HTTPError,HTTP Error 401: Unauthorized
jdillon/mvnsh,https://github.com/jdillon/mvnsh,2026-08-14T16:57:08.557679+00:00,error,HTTPError,HTTP Error 401: Unauthorized
jefalbino/jsmart-web,https://github.com/jefalbino/jsmart-web,2026-08-14T16:57:08.730125+00:00,error,HTTPError,HTTP Error 401: Unauthorized
jeremylong/DependencyCheck,https://github.com/jeremylong/DependencyCheck,2026-08-14T16:57:08.962306+00:00,error,HTTPError,HTTP Error 401: Unauthorized
jhannes/logevents,https://github.com/jhannes/logevents,2026-08-14T16:57:09.132732+00:00,error,HTTPError,HTTP Error 401: Unauthorized
jhipster/jhipster,https://github.com/jhipster/jhipster,2026-08-14T16:57:09.290814+00:00,error,HTTPError,HTTP Error 401: Unauthorized
jitsi/jitsi-srtp,https://github.com/jitsi/jitsi-srtp,2026-08-14T16:57:09.541493+00:00,error,HTTPError,HTTP Error 401: Unauthorized
jitsi/zrtp4j,https://github.com/jitsi/zrtp4j,2026-08-14T16:57:09.704148+00:00,error,HTTPError,HTTP Error 401: Unauthorized
jituancaiyun/openapi-java-sdk,https://github.com/jituancaiyun/openapi-java-sdk,2026-08-14T16:57:09.864763+00:00,error,HTTPError,HTTP Error 401: Unauthorized
jjYBdx4IL/misc,https://github.com/jjYBdx4IL/misc,2026-08-14T16:57:10.112111+00:00,error,HTTPError,HTTP Error 401: Unauthorized
jnidzwetzki/bboxdb,https://github.com/jnidzwetzki/bboxdb,2026-08-14T16:57:10.274517+00:00,error,HTTPError,HTTP Error 401: Unauthorized
jnoee/coo,https://github.com/jnoee/coo,2026-08-14T16:57:10.526387+00:00,error,HTTPError,HTTP Error 401: Unauthorized
joniles/mpxj,https://github.com/joniles/mpxj,2026-08-14T16:57:10.714632+00:00,error,HTTPError,HTTP Error 401: Unauthorized
jooby-project/jooby,https://github.com/jooby-project/jooby,2026-08-14T16:57:10.883925+00:00,error,HTTPError,HTTP Error 401: Unauthorized
joyent/java-http-signature,https://github.com/joyent/java-http-signature,2026-08-14T16:57:11.122101+00:00,error,HTTPError,HTTP Error 401: Unauthorized
jqassistant/jqa-neo4j-backend,https://github.com/jqassistant/jqa-neo4j-backend,2026-08-14T16:57:11.291088+00:00,error,HTTPError,HTTP Error 401: Unauthorized
jqassistant/jqa-plugin-common,https://github.com/jqassistant/jqa-plugin-common,2026-08-14T16:57:11.534249+00:00,error,HTTPError,HTTP Error 401: Unauthorized
jsonld-java/jsonld-java,https://github.com/jsonld-java/jsonld-java,2026-08-14T16:57:11.698407+00:00,error,HTTPError,HTTP Error 401: Unauthorized
jspare-projects/vertx-jspare,https://github.com/jspare-projects/vertx-jspare,2026-08-14T16:57:11.859365+00:00,error,HTTPError,HTTP Error 401: Unauthorized
jsunsoftware/http-request,https://github.com/jsunsoftware/http-request,2026-08-14T16:57:12.109848+00:00,error,HTTPError,HTTP Error 401: Unauthorized
jsurfer/JsonSurfer,https://github.com/jsurfer/JsonSurfer,2026-08-14T16:57:12.276937+00:00,error,HTTPError,HTTP Error 401: Unauthorized
junaidontable/baltoro.lib,https://github.com/junaidontable/baltoro.lib,2026-08-14T16:57:12.443427+00:00,error,HTTPError,HTTP Error 401: Unauthorized
jwcarman/Wicketopia,https://github.com/jwcarman/Wicketopia,2026-08-14T16:57:12.689872+00:00,error,HTTPError,HTTP Error 401: Unauthorized
kawansoft/aceql-http,https://github.com/kawansoft/aceql-http,2026-08-14T16:57:12.850620+00:00,error,HTTPError,HTTP Error 401: Unauthorized
ketola/jlibra,https://github.com/ketola/jlibra,2026-08-14T16:57:13.009841+00:00,error,HTTPError,HTTP Error 401: Unauthorized
keycloak/keycloak,https://github.com/keycloak/keycloak,2026-08-14T16:57:13.254656+00:00,error,HTTPError,HTTP Error 401: Unauthorized
kiegroup/kogito-runtimes,https://github.com/kiegroup/kogito-runtimes,2026-08-14T16:57:13.415655+00:00,error,HTTPError,HTTP Error 401: Unauthorized
kiegroup/optaplanner,https://github.com/kiegroup/optaplanner,2026-08-14T16:57:13.630384+00:00,error,HTTPError,HTTP Error 401: Unauthorized
kiwiproject/kiwi,https://github.com/kiwiproject/kiwi,2026-08-14T16:57:13.791784+00:00,error,HTTPError,HTTP Error 401: Unauthorized
klarna/HiveRunner,https://github.com/klarna/HiveRunner,2026-08-14T16:57:13.963823+00:00,error,HTTPError,HTTP Error 401: Unauthorized
kohlschutter/junixsocket,https://github.com/kohlschutter/junixsocket,2026-08-14T16:57:14.206359+00:00,error,HTTPError,HTTP Error 401: Unauthorized
kokuwaio/helm-maven-plugin,https://github.com/kokuwaio/helm-maven-plugin,2026-08-14T16:57:14.389937+00:00,error,HTTPError,HTTP Error 401: Unauthorized
konigio/konig,https://github.com/konigio/konig,2026-08-14T16:57:14.551231+00:00,error,HTTPError,HTTP Error 401: Unauthorized
korpling/ANNIS,https://github.com/korpling/ANNIS,2026-08-14T16:57:14.780030+00:00,error,HTTPError,HTTP Error 401: Unauthorized
kristofa/brave,https://github.com/kristofa/brave,2026-08-14T16:57:14.943641+00:00,error,HTTPError,HTTP Error 401: Unauthorized
kse-music/mcn-boot-project,https://github.com/kse-music/mcn-boot-project,2026-08-14T16:57:15.102322+00:00,error,HTTPError,HTTP Error 401: Unauthorized
kubernetes-client/java,https://github.com/kubernetes-client/java,2026-08-14T16:57:15.367972+00:00,error,HTTPError,HTTP Error 401: Unauthorized
kuehne-trustable-de/ca3sCore,https://github.com/kuehne-trustable-de/ca3sCore,2026-08-14T16:57:15.529614+00:00,error,HTTPError,HTTP Error 401: Unauthorized
labai/ted,https://github.com/labai/ted,2026-08-14T16:57:15.776761+00:00,error,HTTPError,HTTP Error 401: Unauthorized
languagetool-org/languagetool,https://github.com/languagetool-org/languagetool,2026-08-14T16:57:15.947055+00:00,error,HTTPError,HTTP Error 401: Unauthorized
