CVE_ID,Published Date
CVE-2013-4600,08/09/2013
CVE-2018-3831,09/19/2018
CVE-2013-4310,09/30/2013
CVE-2018-1000615,07/09/2018
CVE-2022-23596,02/01/2022
CVE-2021-39154,08/23/2021
CVE-2019-16943,10/01/2019
CVE-2012-0838,03/02/2012
CVE-2020-26217,11/16/2020
CVE-2020-24301,10/08/2020
CVE-2021-37714,08/18/2021
CVE-2019-3888,06/12/2019
CVE-2021-44832,12/28/2021
CVE-2019-17569,02/24/2020
CVE-2020-9492,01/26/2021
CVE-2017-12626,01/29/2018
CVE-2021-25329,03/01/2021
CVE-2020-36282,03/11/2021
CVE-2017-15693,02/27/2018
CVE-2014-0050,04/01/2014
CVE-2020-11996,06/26/2020
CVE-2018-1339,04/25/2018
CVE-2017-12196,04/17/2018
CVE-2017-15696,02/25/2018
CVE-2020-25711,12/03/2020
CVE-2016-1182,07/04/2016
CVE-2012-4386,09/05/2012
CVE-2013-4322,02/26/2014
CVE-2017-15713,01/19/2018
CVE-2019-17572,05/14/2020
CVE-2016-2510,04/07/2016
CVE-2016-4977,05/25/2017
CVE-2011-2481,08/15/2011
CVE-2021-20218,03/16/2021
CVE-2021-22569,01/10/2022
CVE-2017-3589,04/24/2017
CVE-2011-5064,01/14/2012
CVE-2020-7226,01/24/2020
CVE-2016-5001,08/30/2017
CVE-2016-0793,04/01/2016
CVE-2021-44878,01/06/2022
CVE-2014-4172,01/24/2020
CVE-2019-12399,01/14/2020
CVE-2011-4461,12/29/2011
CVE-2018-1000822,12/20/2018
CVE-2021-29451,04/16/2021
CVE-2021-27906,03/19/2021
CVE-2017-15695,06/13/2018
CVE-2013-4316,09/30/2013
CVE-2021-43797,12/09/2021
CVE-2020-17516,02/03/2021
CVE-2019-0201,05/23/2019
CVE-2019-3802,06/03/2019
CVE-2016-1000339,06/04/2018
CVE-2011-0013,02/18/2011
CVE-2011-1498,07/07/2011
CVE-2020-10686,05/04/2020
CVE-2018-9116,03/29/2018
CVE-2013-4390,10/23/2013
CVE-2020-1951,03/23/2020
CVE-2021-21343,03/22/2021
CVE-2013-5823,10/16/2013
CVE-2018-1000854,12/20/2018
CVE-2016-8749,03/28/2017
CVE-2014-3490,08/19/2014
CVE-2022-26336,03/04/2022
CVE-2012-6612,12/07/2013
CVE-2017-12629,10/14/2017
CVE-2020-5230,01/30/2020
CVE-2014-3709,10/18/2017
CVE-2020-9486,10/01/2020
CVE-2017-5651,04/17/2017
CVE-2016-2141,06/30/2016
CVE-2017-9735,06/16/2017
CVE-2018-1999020,07/23/2018
CVE-2018-1000008,01/23/2018
CVE-2020-27178,10/16/2020
CVE-2014-0096,05/31/2014
CVE-2020-13941,08/17/2020
CVE-2021-25122,03/01/2021
CVE-2020-13940,10/01/2020
CVE-2018-11765,09/30/2020
CVE-2021-42575,10/18/2021
CVE-2019-12086,05/17/2019
CVE-2017-7525,02/06/2018
CVE-2020-17523,02/03/2021
CVE-2018-11039,06/25/2018
CVE-2013-2134,07/16/2013
CVE-2020-1954,04/01/2020
CVE-2017-4995,11/27/2017
CVE-2019-13237,08/27/2019
CVE-2019-0207,09/16/2019
CVE-2013-1768,07/11/2013
CVE-2017-7657,06/26/2018
CVE-2020-8570,01/21/2021
CVE-2011-4905,01/05/2012
CVE-2016-1000338,06/01/2018
CVE-2016-6793,07/17/2017
CVE-2016-9177,11/04/2016
CVE-2019-14838,10/14/2019
CVE-2009-2901,01/28/2010
CVE-2021-21290,02/08/2021
CVE-2021-3642,08/05/2021
CVE-2014-3558,09/30/2014
CVE-2021-42392,01/10/2022
CVE-2018-1271,04/06/2018
CVE-2019-9658,03/11/2019
CVE-2021-43795,12/02/2021
CVE-2017-5664,06/06/2017
CVE-2018-12972,06/29/2018
CVE-2019-18394,10/24/2019
CVE-2020-5411,06/11/2020
CVE-2011-1088,03/14/2011
CVE-2013-2248,07/19/2013
CVE-2017-12616,09/19/2017
CVE-2015-1836,12/21/2015
CVE-2016-5007,05/25/2017
CVE-2016-6805,04/07/2017
CVE-2021-21347,03/22/2021
CVE-2016-9487,07/13/2018
CVE-2021-39147,08/23/2021
CVE-2018-1259,05/11/2018
CVE-2019-7722,02/11/2019
CVE-2022-24289,02/11/2022
CVE-2017-7561,09/13/2017
CVE-2017-5656,04/18/2017
CVE-2016-8739,08/10/2017
CVE-2013-6430,01/10/2020
CVE-2018-1317,04/23/2019
CVE-2016-1000341,06/04/2018
CVE-2016-8747,03/14/2017
CVE-2021-44228,12/10/2021
CVE-2017-9795,01/09/2018
CVE-2014-0107,04/15/2014
CVE-2022-23913,02/04/2022
CVE-2014-8114,02/20/2015
CVE-2008-1947,06/04/2008
CVE-2020-5413,07/31/2020
CVE-2015-3192,07/12/2016
CVE-2014-0228,11/16/2014
CVE-2021-36090,07/13/2021
CVE-2019-10095,09/02/2021
CVE-2014-3652,12/15/2019
CVE-2019-12400,08/23/2019
CVE-2021-26118,01/27/2021
CVE-2021-21346,03/22/2021
CVE-2020-1957,03/25/2020
CVE-2011-4343,08/08/2017
CVE-2017-12158,10/26/2017
CVE-2016-3720,06/10/2016
CVE-2020-1744,03/24/2020
CVE-2018-18928,11/04/2018
CVE-2016-6816,03/20/2017
CVE-2018-1260,05/11/2018
CVE-2021-30179,06/01/2021
CVE-2018-11764,10/21/2020
CVE-2017-7957,04/29/2017
CVE-2016-8751,06/14/2017
CVE-2017-3156,08/10/2017
CVE-2019-13235,08/27/2019
CVE-2016-6806,10/02/2017
CVE-2018-1000134,03/16/2018
CVE-2018-10237,04/26/2018
CVE-2017-12620,10/02/2017
CVE-2019-17571,12/20/2019
CVE-2017-3523,04/24/2017
CVE-2018-1332,06/05/2018
CVE-2017-5638,03/10/2017
CVE-2019-12406,11/06/2019
CVE-2021-39149,08/23/2021
CVE-2017-15691,04/26/2018
CVE-2019-0222,03/28/2019
CVE-2018-8008,06/05/2018
CVE-2021-23463,12/10/2021
CVE-2017-5641,12/28/2017
CVE-2018-8012,05/21/2018
CVE-2015-3269,08/24/2015
CVE-2019-3797,05/06/2019
CVE-2021-38153,09/22/2021
CVE-2016-3093,06/07/2016
CVE-2012-0391,01/08/2012
CVE-2015-4852,11/18/2015
CVE-2020-13955,10/09/2020
CVE-2019-14832,10/15/2019
CVE-2016-9878,12/29/2016
CVE-2010-5327,01/13/2017
CVE-2019-0233,09/14/2020
CVE-2014-0095,05/31/2014
CVE-2019-3774,01/18/2019
CVE-2011-2204,06/29/2011
CVE-2021-39153,08/23/2021
CVE-2016-2175,06/01/2016
CVE-2020-35210,12/16/2021
CVE-2014-0109,05/08/2014
CVE-2017-9803,09/18/2017
CVE-2021-22112,02/23/2021
CVE-2021-36151,02/04/2022
CVE-2017-3166,11/13/2017
CVE-2016-4461,10/16/2017
CVE-2017-5643,03/16/2017
CVE-2016-1000345,06/04/2018
CVE-2016-8746,06/14/2017
CVE-2017-5644,03/24/2017
CVE-2017-15700,12/18/2017
CVE-2016-0956,02/10/2016
CVE-2021-26296,02/19/2021
CVE-2016-6346,09/07/2016
CVE-2018-1294,03/20/2018
CVE-2017-8028,11/27/2017
CVE-2016-9879,01/06/2017
CVE-2016-6802,09/20/2016
CVE-2018-1047,01/24/2018
CVE-2017-12622,01/09/2018
CVE-2021-22113,02/23/2021
CVE-2014-0113,04/29/2014
CVE-2020-1745,04/28/2020
CVE-2020-11995,01/11/2021
CVE-2020-1695,05/19/2020
CVE-2014-0193,05/06/2014
CVE-2022-23181,01/27/2022
CVE-2019-10174,11/25/2019
CVE-2020-13444,06/10/2020
CVE-2016-8738,09/20/2017
CVE-2018-1000531,06/26/2018
CVE-2021-28168,04/22/2021
CVE-2017-11467,07/19/2017
CVE-2020-26234,12/08/2020
CVE-2018-1002201,07/25/2018
CVE-2021-41767,01/11/2022
CVE-2018-17187,11/13/2018
CVE-2016-4437,06/07/2016
CVE-2018-17297,09/21/2018
CVE-2020-11971,05/14/2020
CVE-2018-1002200,07/25/2018
CVE-2011-2894,10/04/2011
CVE-2019-0187,03/06/2019
CVE-2020-11969,06/15/2020
CVE-2020-5408,05/14/2020
CVE-2016-4993,09/26/2016
CVE-2020-28052,12/17/2020
CVE-2017-7675,08/10/2017
CVE-2013-2186,10/28/2013
CVE-2014-6439,10/09/2014
CVE-2019-10094,08/02/2019
CVE-2021-41561,12/20/2021
CVE-2019-17563,12/23/2019
CVE-2019-17513,10/17/2019
CVE-2021-22044,10/28/2021
CVE-2018-1000125,03/13/2018
CVE-2019-19343,03/23/2021
CVE-2018-14642,09/18/2018
CVE-2011-3190,08/31/2011
CVE-2010-1157,04/23/2010
CVE-2020-10688,05/27/2021
CVE-2017-15703,01/25/2018
CVE-2019-0231,10/01/2019
CVE-2019-17573,01/16/2020
CVE-2011-1475,04/08/2011
CVE-2018-8030,06/19/2018
CVE-2009-2693,01/28/2010
CVE-2017-7672,07/13/2017
CVE-2018-1114,09/11/2018
CVE-2014-1904,03/20/2014
CVE-2021-26117,01/27/2021
CVE-2019-16942,10/01/2019
CVE-2021-27807,03/19/2021
CVE-2020-1935,02/24/2020
CVE-2020-1963,06/03/2020
CVE-2018-1000820,12/20/2018
CVE-2020-17530,12/10/2020
CVE-2017-2617,05/22/2018
CVE-2019-5427,04/22/2019
CVE-2016-0750,09/11/2018
CVE-2020-7647,05/11/2020
CVE-2018-1000129,03/14/2018
CVE-2020-5398,01/16/2020
CVE-2021-22160,05/26/2021
CVE-2020-5529,02/11/2020
CVE-2017-5647,04/17/2017
CVE-2016-4970,04/13/2017
CVE-2016-4000,07/06/2017
CVE-2015-0263,06/03/2015
CVE-2021-39152,08/23/2021
CVE-2017-1000487,01/03/2018
CVE-2016-8745,08/10/2017
CVE-2019-10241,04/22/2019
CVE-2015-5346,02/24/2016
CVE-2016-6345,09/07/2016
CVE-2017-7556,08/17/2017
CVE-2015-7559,08/01/2019
CVE-2013-0239,03/12/2013
CVE-2014-7816,12/01/2014
CVE-2016-4999,08/05/2016
CVE-2020-1950,03/23/2020
CVE-2019-10247,04/22/2019
CVE-2014-0003,03/21/2014
CVE-2011-2088,05/13/2011
CVE-2012-2733,11/16/2012
CVE-2016-3082,04/26/2016
CVE-2016-4003,04/12/2016
CVE-2021-29043,05/17/2021
CVE-2013-1966,07/10/2013
CVE-2014-0034,07/07/2014
CVE-2020-1926,03/16/2021
CVE-2020-11987,02/24/2021
CVE-2011-1183,04/08/2011
CVE-2015-5255,11/18/2015
CVE-2019-12423,01/16/2020
CVE-2020-1953,03/13/2020
CVE-2020-26945,10/10/2020
CVE-2018-11761,09/19/2018
CVE-2016-4433,07/04/2016
CVE-2017-2594,05/08/2018
CVE-2017-1000208,11/16/2017
CVE-2020-1960,05/14/2020
CVE-2014-7808,09/15/2017
CVE-2020-35215,12/16/2021
CVE-2019-3894,05/03/2019
CVE-2017-5662,04/18/2017
CVE-2015-0225,04/03/2015
CVE-2020-13920,09/10/2020
CVE-2016-10027,01/12/2017
CVE-2021-39140,08/23/2021
CVE-2014-0225,05/25/2017
CVE-2018-1307,02/09/2018
CVE-2017-2670,07/27/2018
CVE-2019-11777,09/11/2019
CVE-2012-2098,06/29/2012
CVE-2015-2080,10/07/2016
CVE-2022-23640,03/02/2022
CVE-2013-4330,10/04/2013
CVE-2013-2035,08/28/2013
CVE-2017-12165,07/27/2018
CVE-2016-3674,05/17/2016
CVE-2017-2638,07/16/2018
CVE-2019-12415,10/23/2019
CVE-2019-10899,04/09/2019
CVE-2013-1880,02/05/2014
CVE-2018-11762,09/19/2018
CVE-2021-29943,04/13/2021
CVE-2020-35213,12/16/2021
CVE-2015-7940,11/09/2015
CVE-2013-4366,10/30/2017
CVE-2015-5258,08/22/2017
CVE-2018-11776,08/22/2018
CVE-2012-0022,01/18/2012
CVE-2021-45046,12/14/2021
CVE-2019-10088,08/02/2019
CVE-2017-3159,03/07/2017
CVE-2015-5262,10/27/2015
CVE-2015-0886,02/27/2015
CVE-2016-1000352,06/04/2018
CVE-2016-1000342,06/04/2018
CVE-2022-24198,02/01/2022
CVE-2019-11274,08/09/2019
CVE-2016-5018,08/10/2017
CVE-2021-33604,06/24/2021
CVE-2011-5062,01/14/2012
CVE-2021-25640,06/01/2021
CVE-2022-24197,02/01/2022
CVE-2020-36319,04/23/2021
CVE-2018-8018,07/19/2018
CVE-2012-0047,03/23/2012
CVE-2017-7674,08/10/2017
CVE-2020-11612,04/07/2020
CVE-2020-5397,01/17/2020
CVE-2021-29425,04/13/2021
CVE-2010-1330,11/23/2012
CVE-2019-0199,04/10/2019
CVE-2012-6092,04/21/2013
CVE-2020-1928,01/27/2020
CVE-2017-2582,07/26/2018
CVE-2015-2156,10/18/2017
CVE-2019-12402,08/30/2019
CVE-2018-25007,04/23/2021
CVE-2018-8009,11/13/2018
CVE-2018-1305,02/23/2018
CVE-2014-0112,04/29/2014
CVE-2018-8017,09/19/2018
CVE-2018-12036,06/07/2018
CVE-2018-1257,05/11/2018
CVE-2021-39151,08/23/2021
CVE-2017-7660,07/07/2017
CVE-2021-43859,02/01/2022
CVE-2021-28164,04/01/2021
CVE-2017-4971,06/13/2017
CVE-2017-17485,01/10/2018
CVE-2012-5886,11/17/2012
CVE-2016-4430,07/04/2016
CVE-2016-4436,10/03/2016
CVE-2014-0054,04/17/2014
CVE-2018-14627,09/04/2018
CVE-2016-4800,04/13/2017
CVE-2016-9589,03/12/2018
CVE-2016-2162,04/12/2016
CVE-2015-4165,08/09/2017
CVE-2018-1000850,12/20/2018
CVE-2013-6468,04/10/2014
CVE-2018-14658,11/13/2018
CVE-2018-18240,10/11/2018
CVE-2021-21351,03/22/2021
CVE-2014-3574,09/04/2014
CVE-2013-2055,02/10/2014
CVE-2021-21295,03/09/2021
CVE-2017-15718,01/24/2018
CVE-2020-27216,10/23/2020
CVE-2019-9827,07/03/2019
CVE-2015-2944,06/02/2015
CVE-2014-0168,10/06/2014
CVE-2014-9527,01/06/2015
CVE-2011-0534,02/10/2011
CVE-2014-8122,02/13/2015
CVE-2015-5211,05/25/2017
CVE-2013-6407,12/07/2013
CVE-2018-11758,08/22/2018
CVE-2019-0212,03/28/2019
CVE-2018-8026,07/05/2018
CVE-2014-3579,10/27/2017
CVE-2019-16869,09/26/2019
CVE-2019-11343,03/12/2020
CVE-2018-18628,10/23/2018
CVE-2020-13936,03/10/2021
CVE-2022-25312,03/04/2022
CVE-2019-11808,05/07/2019
CVE-2019-11272,06/26/2019
CVE-2012-5887,11/17/2012
CVE-2015-5345,02/24/2016
CVE-2013-6397,12/07/2013
CVE-2015-5377,03/06/2018
CVE-2016-6795,09/20/2017
CVE-2013-7315,01/23/2014
CVE-2013-2254,10/17/2013
CVE-2011-2526,07/14/2011
CVE-2018-1336,08/02/2018
CVE-2017-12630,12/18/2017
CVE-2020-2933,04/15/2020
CVE-2020-1933,01/27/2020
CVE-2020-13933,08/17/2020
CVE-2017-14063,08/31/2017
CVE-2018-1335,04/25/2018
CVE-2021-31411,05/05/2021
CVE-2016-3083,05/30/2017
CVE-2012-0394,01/08/2012
CVE-2018-8036,07/03/2018
CVE-2020-27218,11/27/2020
CVE-2021-30468,06/16/2021
CVE-2016-1000031,10/25/2016
CVE-2016-0734,04/07/2016
CVE-2021-31684,06/01/2021
CVE-2010-2227,07/13/2010
CVE-2014-3656,12/10/2019
CVE-2015-3198,07/21/2017
CVE-2017-1000486,01/03/2018
CVE-2021-22118,05/27/2021
CVE-2020-5412,08/07/2020
CVE-2018-8039,07/02/2018
CVE-2019-17554,12/04/2019
CVE-2014-3625,11/20/2014
CVE-2017-12624,11/14/2017
CVE-2020-5410,06/02/2020
CVE-2018-11797,10/05/2018
CVE-2017-5645,04/17/2017
CVE-2020-5421,09/19/2020
CVE-2018-1000644,08/20/2018
CVE-2016-2402,01/30/2017
CVE-2021-39141,08/23/2021
CVE-2015-5254,01/08/2016
CVE-2011-2731,12/05/2012
CVE-2018-1304,02/28/2018
CVE-2018-1331,07/10/2018
CVE-2018-1131,05/15/2018
CVE-2020-27196,11/06/2020
CVE-2018-12418,06/14/2018
CVE-2014-3527,05/25/2017
CVE-2020-5245,02/24/2020
CVE-2021-27850,04/15/2021
CVE-2020-7611,03/30/2020
CVE-2019-10071,09/16/2019
CVE-2014-0002,03/21/2014
CVE-2021-38294,10/25/2021
CVE-2019-3875,06/12/2019
CVE-2011-5063,01/14/2012
CVE-2019-13236,08/27/2019
CVE-2021-23899,01/13/2021
CVE-2018-12540,07/12/2018
CVE-2014-1972,08/22/2015
CVE-2020-1698,05/11/2020
CVE-2019-10173,07/23/2019
CVE-2020-28491,02/18/2021
CVE-2022-0839,03/04/2022
CVE-2007-5615,12/05/2007
CVE-2022-23221,01/19/2022
CVE-2017-3586,04/24/2017
CVE-2021-44548,12/23/2021
CVE-2014-3643,12/15/2019
CVE-2018-12537,08/14/2018
CVE-2018-1067,05/21/2018
CVE-2016-1000346,06/04/2018
CVE-2020-15250,10/12/2020
CVE-2020-5206,01/30/2020
CVE-2020-17527,12/03/2020
CVE-2013-2135,07/16/2013
CVE-2018-12542,10/10/2018
CVE-2009-1523,05/05/2009
CVE-2014-0099,05/31/2014
CVE-2013-4286,02/26/2014
CVE-2017-12645,08/07/2017
CVE-2012-6153,09/04/2014
CVE-2018-1314,11/08/2018
CVE-2017-5650,04/17/2017
CVE-2021-21409,03/30/2021
CVE-2015-5347,04/12/2016
CVE-2012-0393,01/08/2012
CVE-2014-3576,08/14/2015
CVE-2019-3799,05/06/2019
CVE-2017-3164,03/08/2019
CVE-2015-0899,07/04/2016
CVE-2017-5637,10/09/2017
CVE-2015-1833,05/29/2015
CVE-2016-0763,02/24/2016
CVE-2019-18393,10/24/2019
CVE-2018-8015,05/18/2018
CVE-2019-10770,01/27/2020
CVE-2022-21724,02/02/2022
CVE-2020-10727,06/26/2020
CVE-2021-32623,06/15/2021
CVE-2020-13943,10/12/2020
CVE-2018-14637,11/30/2018
CVE-2018-20000,12/09/2018
CVE-2017-2666,07/27/2018
CVE-2017-15717,01/10/2018
CVE-2019-10093,08/02/2019
CVE-2018-15756,10/18/2018
CVE-2013-7285,05/15/2019
CVE-2012-5055,12/05/2012
CVE-2017-7559,01/10/2018
CVE-2019-17359,10/08/2019
CVE-2018-11802,04/01/2020
CVE-2018-12541,10/10/2018
CVE-2018-8014,05/16/2018
CVE-2020-26259,12/15/2020
CVE-2019-6002,07/26/2019
CVE-2017-12625,11/01/2017
CVE-2018-8027,07/31/2018
CVE-2014-0075,05/31/2014
CVE-2021-32053,05/10/2021
CVE-2021-21349,03/22/2021
CVE-2018-9117,03/29/2018
CVE-2012-5633,03/12/2013
CVE-2014-3651,12/29/2017
CVE-2018-8016,06/28/2018
CVE-2018-1270,04/06/2018
CVE-2011-2730,12/05/2012
CVE-2018-1295,04/02/2018
CVE-2016-10006,12/24/2016
CVE-2021-22053,11/19/2021
CVE-2020-25689,11/02/2020
CVE-2018-1000130,03/14/2018
CVE-2018-11771,08/16/2018
CVE-2012-0881,10/30/2017
CVE-2018-8041,09/17/2018
CVE-2015-5531,08/17/2015
CVE-2021-37137,10/19/2021
CVE-2019-17632,11/25/2019
CVE-2018-1274,04/18/2018
CVE-2012-4387,09/05/2012
CVE-2012-3353,01/08/2018
CVE-2010-1622,06/21/2010
CVE-2019-3778,03/07/2019
CVE-2013-7259,04/29/2014
CVE-2016-6812,08/10/2017
CVE-2021-34797,01/04/2022
CVE-2019-17091,10/02/2019
CVE-2009-1554,05/06/2009
CVE-2021-43570,11/09/2021
CVE-2017-14735,09/25/2017
CVE-2018-12536,06/27/2018
CVE-2007-1358,05/09/2007
CVE-2014-8125,04/21/2015
CVE-2017-8045,11/27/2017
CVE-2012-3544,06/01/2013
CVE-2021-23900,01/13/2021
CVE-2016-6798,07/19/2017
CVE-2018-1273,04/11/2018
CVE-2018-1282,04/05/2018
CVE-2019-12418,12/23/2019
CVE-2014-2296,07/20/2018
CVE-2014-0116,05/08/2014
CVE-2016-3086,09/05/2017
CVE-2016-6652,10/05/2016
CVE-2020-12480,08/17/2020
CVE-2017-12617,10/03/2017
CVE-2012-3376,07/12/2012
CVE-2020-11988,02/24/2021
CVE-2020-8897,11/16/2020
CVE-2018-15801,12/19/2018
CVE-2020-5405,03/05/2020
CVE-2016-5393,11/29/2016
CVE-2021-28169,06/08/2021
CVE-2008-5515,06/16/2009
CVE-2015-1776,04/19/2016
CVE-2014-3120,07/28/2014
CVE-2019-15477,08/23/2019
CVE-2019-14837,01/07/2020
CVE-2013-7397,06/24/2015
CVE-2016-5388,07/18/2016
CVE-2020-7961,03/20/2020
CVE-2016-6801,09/21/2016
CVE-2019-10797,02/19/2020
CVE-2019-20444,01/29/2020
CVE-2018-1287,02/14/2018
CVE-2016-10750,05/22/2019
CVE-2020-1942,02/11/2020
CVE-2021-20328,02/25/2021
CVE-2013-2067,06/01/2013
CVE-2020-15170,09/10/2020
CVE-2012-0392,01/08/2012
CVE-2020-10683,05/01/2020
CVE-2014-9970,05/21/2017
CVE-2019-10755,09/23/2019
CVE-2018-1000865,12/10/2018
CVE-2012-5370,11/28/2012
CVE-2021-32769,07/16/2021
CVE-2021-39148,08/23/2021
CVE-2011-1582,05/20/2011
CVE-2018-11799,12/19/2018
CVE-2022-22885,02/16/2022
CVE-2018-9159,03/31/2018
CVE-2021-31407,04/23/2021
CVE-2017-5648,04/17/2017
CVE-2013-2115,07/10/2013
CVE-2016-0785,04/12/2016
CVE-2016-1000343,06/04/2018
CVE-2019-10219,11/08/2019
CVE-2010-2232,10/23/2017
CVE-2018-11775,09/10/2018
CVE-2020-35217,01/20/2021
CVE-2011-2732,12/05/2012
CVE-2015-6644,01/06/2016
CVE-2014-0074,10/06/2014
CVE-2015-3208,07/25/2017
CVE-2021-22696,04/02/2021
CVE-2014-7810,06/07/2015
CVE-2021-22097,10/28/2021
CVE-2014-8152,01/21/2015
CVE-2011-3376,11/11/2011
CVE-2010-4172,11/26/2010
CVE-2017-7656,06/26/2018
CVE-2021-37136,10/19/2021
CVE-2018-1296,02/07/2019
CVE-2016-4431,07/04/2016
CVE-2018-17197,12/24/2018
CVE-2013-1879,07/19/2013
CVE-2015-1169,02/10/2015
CVE-2016-3092,07/04/2016
CVE-2022-0265,03/03/2022
CVE-2020-11002,04/10/2020
CVE-2017-12611,09/20/2017
CVE-2014-3577,08/21/2014
CVE-2020-7238,01/27/2020
CVE-2015-3158,08/26/2015
CVE-2013-4590,02/26/2014
CVE-2017-13098,12/12/2017
CVE-2020-7692,07/09/2020
CVE-2014-0114,04/30/2014
CVE-2020-36320,04/23/2021
CVE-2020-10714,09/23/2020
CVE-2013-5960,09/30/2013
CVE-2018-8010,05/21/2018
CVE-2020-1714,05/13/2020
CVE-2020-9487,10/01/2020
CVE-2016-6797,08/10/2017
CVE-2020-17518,01/05/2021
CVE-2015-7521,01/29/2016
CVE-2020-13954,11/12/2020
CVE-2018-15758,10/18/2018
CVE-2020-1758,05/15/2020
CVE-2020-5404,03/03/2020
CVE-2021-29262,04/13/2021
CVE-2015-6524,08/24/2015
CVE-2017-9794,09/29/2017
CVE-2012-0213,08/07/2012
CVE-2021-28657,03/31/2021
CVE-2014-0119,05/31/2014
CVE-2018-10936,08/30/2018
CVE-2017-15694,06/21/2019
CVE-2013-5679,09/30/2013
CVE-2018-11777,11/08/2018
CVE-2015-0201,03/10/2015
CVE-2016-4434,09/29/2017
CVE-2019-3795,04/09/2019
CVE-2021-41973,11/01/2021
CVE-2020-17521,12/07/2020
CVE-2019-0194,04/30/2019
CVE-2020-26939,11/02/2020
CVE-2015-0264,06/03/2015
CVE-2013-2251,07/19/2013
CVE-2021-31409,05/06/2021
CVE-2017-9787,07/13/2017
CVE-2019-7614,07/30/2019
CVE-2021-43113,12/15/2021
CVE-2014-3578,02/19/2015
CVE-2013-1965,07/10/2013
CVE-2019-20445,01/29/2020
CVE-2019-10184,07/25/2019
CVE-2017-12623,10/10/2017
CVE-2013-4517,01/10/2014
CVE-2017-9799,08/09/2017
CVE-2021-31412,06/24/2021
CVE-2021-41269,11/15/2021
CVE-2009-0783,06/05/2009
CVE-2020-9484,05/20/2020
CVE-2020-1940,01/28/2020
CVE-2020-6950,06/02/2021
CVE-2020-13957,10/13/2020
CVE-2020-9480,06/23/2020
CVE-2013-1921,09/28/2013
CVE-2017-12197,01/18/2018
CVE-2018-20059,12/11/2018
CVE-2020-13934,07/14/2020
CVE-2021-45105,12/18/2021
CVE-2012-1089,03/23/2012
CVE-2017-15712,02/19/2018
CVE-2018-1313,05/07/2018
CVE-2018-1000632,08/20/2018
CVE-2021-28163,04/01/2021
CVE-2021-25738,10/11/2021
CVE-2011-1184,01/14/2012
CVE-2012-5812,11/04/2012
CVE-2021-40865,10/25/2021
CVE-2021-34428,06/22/2021
CVE-2020-27222,02/03/2021
CVE-2018-14371,07/18/2018
CVE-2021-42340,10/14/2021
CVE-2022-22946,03/04/2022
CVE-2017-18349,10/23/2018
CVE-2014-3612,08/24/2015
CVE-2013-2172,08/20/2013
CVE-2014-0230,06/07/2015
CVE-2010-3718,02/10/2011
CVE-2012-3428,12/20/2012
CVE-2016-0714,02/24/2016
CVE-2017-9096,11/08/2017
CVE-2014-3600,10/27/2017
CVE-2020-13959,03/10/2021
CVE-2019-0228,04/17/2019
CVE-2017-15709,02/13/2018
CVE-2018-1000613,07/09/2018
CVE-2011-1772,05/13/2011
CVE-2019-17566,11/12/2020
CVE-2019-10072,06/21/2019
CVE-2012-5885,11/17/2012
CVE-2020-35460,12/14/2020
CVE-2020-1938,02/24/2020
CVE-2017-9796,01/09/2018
CVE-2013-6429,01/26/2014
CVE-2019-17638,07/09/2020
CVE-2020-13692,06/04/2020
CVE-2019-0232,04/15/2019
CVE-2018-21234,05/21/2020
CVE-2021-25646,01/29/2021
CVE-2020-5407,05/13/2020
CVE-2019-10354,07/17/2019
CVE-2012-4431,12/19/2012
CVE-2019-16771,12/06/2019
CVE-2018-1000180,06/05/2018
CVE-2019-25027,04/23/2021
CVE-2018-20227,12/19/2018
CVE-2013-4112,09/28/2013
CVE-2020-13929,09/02/2021
CVE-2020-1727,06/22/2020
CVE-2013-6408,12/07/2013
CVE-2018-7489,02/26/2018
CVE-2017-9797,10/02/2017
CVE-2016-7051,04/14/2017
CVE-2018-11768,10/04/2019
CVE-2019-17558,12/30/2019
CVE-2021-31406,04/23/2021
CVE-2014-7839,11/25/2014
CVE-2020-10740,06/22/2020
CVE-2020-11998,09/10/2020
CVE-2016-8629,03/12/2018
CVE-2018-1258,05/11/2018
CVE-2018-1275,04/11/2018
CVE-2013-7398,06/24/2015
CVE-2017-7658,06/26/2018
CVE-2019-13234,08/27/2019
CVE-2008-6505,03/23/2009
CVE-2020-10719,05/26/2020
CVE-2016-2173,04/21/2017
CVE-2018-12538,06/22/2018
CVE-2009-2902,01/28/2010
CVE-2018-8013,05/24/2018
CVE-2021-41079,09/16/2021
CVE-2020-13946,09/01/2020
CVE-2017-7536,01/10/2018
CVE-2017-2585,03/12/2018
CVE-2019-10158,01/02/2020
CVE-2011-1419,03/14/2011
CVE-2018-1324,03/16/2018
CVE-2017-12160,10/26/2017
CVE-2021-27582,02/23/2021
CVE-2020-11050,05/07/2020
CVE-2021-40690,09/19/2021
CVE-2017-12159,10/26/2017
CVE-2020-9491,10/01/2020
CVE-2020-11989,06/22/2020
CVE-2016-3081,04/26/2016
CVE-2015-1832,10/03/2016
CVE-2017-1000209,11/16/2017
CVE-2013-4152,01/23/2014
CVE-2017-2646,07/27/2018
CVE-2021-20289,03/26/2021
CVE-2018-11786,09/18/2018
CVE-2016-1181,07/04/2016
CVE-2021-31404,04/23/2021
CVE-2018-11087,09/14/2018
CVE-2015-2351,03/19/2015
CVE-2020-1945,05/14/2020
CVE-2020-8929,10/19/2020
CVE-2016-3087,06/07/2016
CVE-2022-0239,01/17/2022
CVE-2018-20433,12/24/2018
CVE-2018-1320,01/07/2019
CVE-2015-1427,02/17/2015
CVE-2018-1000616,07/09/2018
CVE-2016-4468,04/11/2017
CVE-2021-39139,08/23/2021
CVE-2014-3529,09/04/2014
CVE-2013-2071,06/01/2013
CVE-2018-1284,04/05/2018
CVE-2011-3923,11/01/2019
