CVE,UPSTREAM G:A:V,DOWNSTREAM G:A:V,DOWNSTREAM REPO,COMMIT,COMMIT_DATE,COMMIT_DATE_ERROR,GITHUB_REPO_PARSED,COMMIT_SHA_PARSED,COMMIT_URL_PARSED
CVE-2019-3888,io.undertow:undertow-core,com.networknt:oauth2-cache,networknt/light-oauth2,https://github.com/networknt/light-oauth2/commit/62be256827b5e22f7c66b1faf8f8193284614720,,404_not_found,networknt/light-oauth2,62be256827b5e22f7c66b1faf8f8193284614720,https://github.com/networknt/light-oauth2/commit/62be256827b5e22f7c66b1faf8f8193284614720
CVE-2019-3888,io.undertow:undertow-core,com.networknt:eventuate-cdc-service,networknt/light-eventuate-4j,https://github.com/networknt/light-eventuate-4j/commit/c6464e31c63a57cab041a300a1a80af8afea5e0a,,404_not_found,networknt/light-eventuate-4j,c6464e31c63a57cab041a300a1a80af8afea5e0a,https://github.com/networknt/light-eventuate-4j/commit/c6464e31c63a57cab041a300a1a80af8afea5e0a
CVE-2019-3888,io.undertow:undertow-core,com.networknt:oauth2-cache,networknt/light-oauth2,https://github.com/networknt/light-oauth2/commit/62be256827b5e22f7c66b1faf8f8193284614720,,404_not_found,networknt/light-oauth2,62be256827b5e22f7c66b1faf8f8193284614720,https://github.com/networknt/light-oauth2/commit/62be256827b5e22f7c66b1faf8f8193284614720
CVE-2019-3888,io.undertow:undertow-core,com.networknt:eventuate-cdc-service,networknt/light-eventuate-4j,https://github.com/networknt/light-eventuate-4j/commit/c6464e31c63a57cab041a300a1a80af8afea5e0a,,404_not_found,networknt/light-eventuate-4j,c6464e31c63a57cab041a300a1a80af8afea5e0a,https://github.com/networknt/light-eventuate-4j/commit/c6464e31c63a57cab041a300a1a80af8afea5e0a
CVE-2017-12196,io.undertow:undertow-core,com.networknt:oauth2-cache,networknt/light-oauth2,https://github.com/networknt/light-oauth2/commit/78368e5652ef7205a05c42e699df1b6e38764b4e,,404_not_found,networknt/light-oauth2,78368e5652ef7205a05c42e699df1b6e38764b4e,https://github.com/networknt/light-oauth2/commit/78368e5652ef7205a05c42e699df1b6e38764b4e
CVE-2017-12196,io.undertow:undertow-core,com.networknt:cdc-service,networknt/light-eventuate-4j,https://github.com/networknt/light-eventuate-4j/commit/9b88e486fb808da093f130105f7f1821d10ef181,,404_not_found,networknt/light-eventuate-4j,9b88e486fb808da093f130105f7f1821d10ef181,https://github.com/networknt/light-eventuate-4j/commit/9b88e486fb808da093f130105f7f1821d10ef181
CVE-2017-12196,io.undertow:undertow-core,com.networknt:oauth2-cache,networknt/light-oauth2,https://github.com/networknt/light-oauth2/commit/78368e5652ef7205a05c42e699df1b6e38764b4e,,404_not_found,networknt/light-oauth2,78368e5652ef7205a05c42e699df1b6e38764b4e,https://github.com/networknt/light-oauth2/commit/78368e5652ef7205a05c42e699df1b6e38764b4e
CVE-2017-12196,io.undertow:undertow-core,com.networknt:cdc-service,networknt/light-eventuate-4j,https://github.com/networknt/light-eventuate-4j/commit/9b88e486fb808da093f130105f7f1821d10ef181,,404_not_found,networknt/light-eventuate-4j,9b88e486fb808da093f130105f7f1821d10ef181,https://github.com/networknt/light-eventuate-4j/commit/9b88e486fb808da093f130105f7f1821d10ef181
CVE-2019-0201,org.apache.zookeeper:zookeeper,com.salesforce.argus:argus-core,salesforce/Argus,https://github.com/salesforce/Argus/commit/5854e08b6f166e25e1c11740477269efa1fae1f7,,404_not_found,salesforce/Argus,5854e08b6f166e25e1c11740477269efa1fae1f7,https://github.com/salesforce/Argus/commit/5854e08b6f166e25e1c11740477269efa1fae1f7
CVE-2018-11039,org.springframework:spring-web,com.assist4j:assist4j-core,yuweihn/assist4j,https://github.com/yuweihn/assist4j/commit/6a4ea64a758d0cbf0274f3f6240360098c9a62f5,,404_not_found,yuweihn/assist4j,6a4ea64a758d0cbf0274f3f6240360098c9a62f5,https://github.com/yuweihn/assist4j/commit/6a4ea64a758d0cbf0274f3f6240360098c9a62f5
CVE-2016-9177,com.sparkjava:spark-core,com.indoqa:indoqa-boot,Indoqa/indoqa-boot,https://github.com/Indoqa/indoqa-boot/commit/35570ac5f4403874707950cc017e0d392c351e57,,404_not_found,Indoqa/indoqa-boot,35570ac5f4403874707950cc017e0d392c351e57,https://github.com/Indoqa/indoqa-boot/commit/35570ac5f4403874707950cc017e0d392c351e57
CVE-2014-0107,xalan:xalan,org.dhatim:milyn-smooks-example-model-driven-basic,dhatim/smooks,https://github.com/dhatim/smooks/commit/003cd6bb8c33d9d9154266f3d5d12fcb6c818130,,404_not_found,dhatim/smooks,003cd6bb8c33d9d9154266f3d5d12fcb6c818130,https://github.com/dhatim/smooks/commit/003cd6bb8c33d9d9154266f3d5d12fcb6c818130
CVE-2021-36090,org.apache.commons:commons-compress,com.milaboratory:milib,milaboratory/milib,https://github.com/milaboratory/milib/commit/0e29be1dd6d50c90b1ec7fd3ce9d4e74028c243b,,404_not_found,milaboratory/milib,0e29be1dd6d50c90b1ec7fd3ce9d4e74028c243b,https://github.com/milaboratory/milib/commit/0e29be1dd6d50c90b1ec7fd3ce9d4e74028c243b
CVE-2018-8012,org.apache.zookeeper:zookeeper,com.salesforce.argus:argus-core,salesforce/Argus,https://github.com/salesforce/Argus/commit/2ef1a73bc327b34013bb3fd323ab9fbe76146248,,404_not_found,salesforce/Argus,2ef1a73bc327b34013bb3fd323ab9fbe76146248,https://github.com/salesforce/Argus/commit/2ef1a73bc327b34013bb3fd323ab9fbe76146248
CVE-2018-8012,org.apache.zookeeper:zookeeper,com.salesforce.argus:argus-core,salesforce/Argus,https://github.com/salesforce/Argus/commit/2ef1a73bc327b34013bb3fd323ab9fbe76146248,,404_not_found,salesforce/Argus,2ef1a73bc327b34013bb3fd323ab9fbe76146248,https://github.com/salesforce/Argus/commit/2ef1a73bc327b34013bb3fd323ab9fbe76146248
CVE-2021-38153,org.apache.kafka:kafka-clients,com.jkoolcloud:tnt4j-kafka-sink,Nastel/TNT4J,https://github.com/Nastel/TNT4J/commit/94abb0602c3757f25235b8df88fdc093b07574c7,,404_not_found,Nastel/TNT4J,94abb0602c3757f25235b8df88fdc093b07574c7,https://github.com/Nastel/TNT4J/commit/94abb0602c3757f25235b8df88fdc093b07574c7
CVE-2020-1745,io.undertow:undertow-core,com.networknt:light-proxy,networknt/light-proxy,https://github.com/networknt/light-proxy/commit/b989c16a80cddd4cdb1d5da8247d5f4e154b2dc8,,404_not_found,networknt/light-proxy,b989c16a80cddd4cdb1d5da8247d5f4e154b2dc8,https://github.com/networknt/light-proxy/commit/b989c16a80cddd4cdb1d5da8247d5f4e154b2dc8
CVE-2020-1745,io.undertow:undertow-core,com.networknt:oauth2-authhub,networknt/light-oauth2,https://github.com/networknt/light-oauth2/commit/85cb1712fc3419e512cbea703a1b7ddc83fcb05f,,404_not_found,networknt/light-oauth2,85cb1712fc3419e512cbea703a1b7ddc83fcb05f,https://github.com/networknt/light-oauth2/commit/85cb1712fc3419e512cbea703a1b7ddc83fcb05f
CVE-2020-1745,io.undertow:undertow-core,com.networknt:light-router,networknt/light-router,https://github.com/networknt/light-router/commit/4459a3688143ffe396318f492195686dc276ccf2,,404_not_found,networknt/light-router,4459a3688143ffe396318f492195686dc276ccf2,https://github.com/networknt/light-router/commit/4459a3688143ffe396318f492195686dc276ccf2
CVE-2021-28168,org.glassfish.jersey.core:jersey-common,com.numdata:numdata-jaxrs,Numdata/numdata-open,https://github.com/Numdata/numdata-open/commit/c61bc804d29fd97311f5c12e4ce2cbff9e55209c,,404_not_found,Numdata/numdata-open,c61bc804d29fd97311f5c12e4ce2cbff9e55209c,https://github.com/Numdata/numdata-open/commit/c61bc804d29fd97311f5c12e4ce2cbff9e55209c
CVE-2018-14642,io.undertow:undertow-core,com.networknt:eventuate-cdc-service,networknt/light-eventuate-4j,https://github.com/networknt/light-eventuate-4j/commit/20189486dcb6f9c6b147ae7e3c5d3a32246696fe,,404_not_found,networknt/light-eventuate-4j,20189486dcb6f9c6b147ae7e3c5d3a32246696fe,https://github.com/networknt/light-eventuate-4j/commit/20189486dcb6f9c6b147ae7e3c5d3a32246696fe
CVE-2018-14642,io.undertow:undertow-core,com.networknt:eventuate-cdc-service,networknt/light-eventuate-4j,https://github.com/networknt/light-eventuate-4j/commit/20189486dcb6f9c6b147ae7e3c5d3a32246696fe,,404_not_found,networknt/light-eventuate-4j,20189486dcb6f9c6b147ae7e3c5d3a32246696fe,https://github.com/networknt/light-eventuate-4j/commit/20189486dcb6f9c6b147ae7e3c5d3a32246696fe
CVE-2018-1114,io.undertow:undertow-core,com.networknt:eventuate-cdc-service,networknt/light-eventuate-4j,https://github.com/networknt/light-eventuate-4j/commit/9b88e486fb808da093f130105f7f1821d10ef181,,404_not_found,networknt/light-eventuate-4j,9b88e486fb808da093f130105f7f1821d10ef181,https://github.com/networknt/light-eventuate-4j/commit/9b88e486fb808da093f130105f7f1821d10ef181
CVE-2018-1114,io.undertow:undertow-core,com.networknt:oauth2-cache,networknt/light-oauth2,https://github.com/networknt/light-oauth2/commit/78368e5652ef7205a05c42e699df1b6e38764b4e,,404_not_found,networknt/light-oauth2,78368e5652ef7205a05c42e699df1b6e38764b4e,https://github.com/networknt/light-oauth2/commit/78368e5652ef7205a05c42e699df1b6e38764b4e
CVE-2018-1114,io.undertow:undertow-core,com.networknt:eventuate-cdc-service,networknt/light-eventuate-4j,https://github.com/networknt/light-eventuate-4j/commit/9b88e486fb808da093f130105f7f1821d10ef181,,404_not_found,networknt/light-eventuate-4j,9b88e486fb808da093f130105f7f1821d10ef181,https://github.com/networknt/light-eventuate-4j/commit/9b88e486fb808da093f130105f7f1821d10ef181
CVE-2018-1114,io.undertow:undertow-core,com.networknt:oauth2-cache,networknt/light-oauth2,https://github.com/networknt/light-oauth2/commit/78368e5652ef7205a05c42e699df1b6e38764b4e,,404_not_found,networknt/light-oauth2,78368e5652ef7205a05c42e699df1b6e38764b4e,https://github.com/networknt/light-oauth2/commit/78368e5652ef7205a05c42e699df1b6e38764b4e
CVE-2019-5427,com.mchange:c3p0,net.centro.rtb:monitoring-center,centro/monitoring-center,https://github.com/centro/monitoring-center/commit/7524d36e5111fe42435a7fd29ba64b247b866b58,,404_not_found,centro/monitoring-center,7524d36e5111fe42435a7fd29ba64b247b866b58,https://github.com/centro/monitoring-center/commit/7524d36e5111fe42435a7fd29ba64b247b866b58
CVE-2017-2670,io.undertow:undertow-core,com.networknt:oauth2-cache,networknt/light-oauth2,https://github.com/networknt/light-oauth2/commit/78368e5652ef7205a05c42e699df1b6e38764b4e,,404_not_found,networknt/light-oauth2,78368e5652ef7205a05c42e699df1b6e38764b4e,https://github.com/networknt/light-oauth2/commit/78368e5652ef7205a05c42e699df1b6e38764b4e
CVE-2017-2670,io.undertow:undertow-core,com.networknt:light-router,networknt/light-router,https://github.com/networknt/light-router/commit/8f20d9896ae73c7fbdd83723391f55e08cb8a910,,404_not_found,networknt/light-router,8f20d9896ae73c7fbdd83723391f55e08cb8a910,https://github.com/networknt/light-router/commit/8f20d9896ae73c7fbdd83723391f55e08cb8a910
CVE-2017-2670,io.undertow:undertow-core,com.networknt:light-proxy,networknt/light-proxy,https://github.com/networknt/light-proxy/commit/6388297c7bdcd800ee6608e50585f182869ad3fe,,404_not_found,networknt/light-proxy,6388297c7bdcd800ee6608e50585f182869ad3fe,https://github.com/networknt/light-proxy/commit/6388297c7bdcd800ee6608e50585f182869ad3fe
CVE-2017-2670,io.undertow:undertow-core,com.networknt:oauth2-cache,networknt/light-oauth2,https://github.com/networknt/light-oauth2/commit/78368e5652ef7205a05c42e699df1b6e38764b4e,,404_not_found,networknt/light-oauth2,78368e5652ef7205a05c42e699df1b6e38764b4e,https://github.com/networknt/light-oauth2/commit/78368e5652ef7205a05c42e699df1b6e38764b4e
CVE-2017-2670,io.undertow:undertow-core,com.networknt:light-router,networknt/light-router,https://github.com/networknt/light-router/commit/8f20d9896ae73c7fbdd83723391f55e08cb8a910,,404_not_found,networknt/light-router,8f20d9896ae73c7fbdd83723391f55e08cb8a910,https://github.com/networknt/light-router/commit/8f20d9896ae73c7fbdd83723391f55e08cb8a910
CVE-2017-2670,io.undertow:undertow-core,com.networknt:light-proxy,networknt/light-proxy,https://github.com/networknt/light-proxy/commit/6388297c7bdcd800ee6608e50585f182869ad3fe,,404_not_found,networknt/light-proxy,6388297c7bdcd800ee6608e50585f182869ad3fe,https://github.com/networknt/light-proxy/commit/6388297c7bdcd800ee6608e50585f182869ad3fe
CVE-2013-4366,org.apache.httpcomponents:httpclient,com.salesforce.argus:argus-core,salesforce/Argus,https://github.com/salesforce/Argus/commit/307b2106b3b0420590a6be996a205cede68cade4,,404_not_found,salesforce/Argus,307b2106b3b0420590a6be996a205cede68cade4,https://github.com/salesforce/Argus/commit/307b2106b3b0420590a6be996a205cede68cade4
CVE-2015-5262,org.apache.httpcomponents:httpclient,de.unibonn.iai.eis:luzzu-communications,EIS-Bonn/Luzzu,https://github.com/EIS-Bonn/Luzzu/commit/b43bc0e64590b2fba154a6bb256fb5ea1b6b35a0,,404_not_found,EIS-Bonn/Luzzu,b43bc0e64590b2fba154a6bb256fb5ea1b6b35a0,https://github.com/EIS-Bonn/Luzzu/commit/b43bc0e64590b2fba154a6bb256fb5ea1b6b35a0
CVE-2015-5262,org.apache.httpcomponents:httpclient,de.unibonn.iai.eis:luzzu-communications,EIS-Bonn/Luzzu,https://github.com/EIS-Bonn/Luzzu/commit/b43bc0e64590b2fba154a6bb256fb5ea1b6b35a0,,404_not_found,EIS-Bonn/Luzzu,b43bc0e64590b2fba154a6bb256fb5ea1b6b35a0,https://github.com/EIS-Bonn/Luzzu/commit/b43bc0e64590b2fba154a6bb256fb5ea1b6b35a0
CVE-2015-5262,org.apache.httpcomponents:httpclient,de.unibonn.iai.eis:luzzu-communications,EIS-Bonn/Luzzu,https://github.com/EIS-Bonn/Luzzu/commit/b43bc0e64590b2fba154a6bb256fb5ea1b6b35a0,,404_not_found,EIS-Bonn/Luzzu,b43bc0e64590b2fba154a6bb256fb5ea1b6b35a0,https://github.com/EIS-Bonn/Luzzu/commit/b43bc0e64590b2fba154a6bb256fb5ea1b6b35a0
CVE-2019-12402,org.apache.commons:commons-compress,com.milaboratory:milib,milaboratory/milib,https://github.com/milaboratory/milib/commit/5e0d37cc0bcbfbf1877f744ef5b87b4b66593b9a,,404_not_found,milaboratory/milib,5e0d37cc0bcbfbf1877f744ef5b87b4b66593b9a,https://github.com/milaboratory/milib/commit/5e0d37cc0bcbfbf1877f744ef5b87b4b66593b9a
CVE-2018-8009,org.apache.hadoop:hadoop-common,com.stratio.qa:bdt,Stratio/bdt,https://github.com/Stratio/bdt/commit/1f5519847861e2985aa97fe671df1b8395243233,,404_not_found,Stratio/bdt,1f5519847861e2985aa97fe671df1b8395243233,https://github.com/Stratio/bdt/commit/1f5519847861e2985aa97fe671df1b8395243233
CVE-2018-8009,org.apache.hadoop:hadoop-common,com.stratio.qa:bdt,Stratio/bdt,https://github.com/Stratio/bdt/commit/1f5519847861e2985aa97fe671df1b8395243233,,404_not_found,Stratio/bdt,1f5519847861e2985aa97fe671df1b8395243233,https://github.com/Stratio/bdt/commit/1f5519847861e2985aa97fe671df1b8395243233
CVE-2018-8026,org.apache.solr:solr-core,io.logspace:logspace-hq-rest,Indoqa/logspace,https://github.com/Indoqa/logspace/commit/9f98d4c9e43fb90b8e6ba7f3800bf67824bca874,,404_not_found,Indoqa/logspace,9f98d4c9e43fb90b8e6ba7f3800bf67824bca874,https://github.com/Indoqa/logspace/commit/9f98d4c9e43fb90b8e6ba7f3800bf67824bca874
CVE-2018-8026,org.apache.solr:solr-core,io.logspace:logspace-hq-rest,Indoqa/logspace,https://github.com/Indoqa/logspace/commit/9f98d4c9e43fb90b8e6ba7f3800bf67824bca874,,404_not_found,Indoqa/logspace,9f98d4c9e43fb90b8e6ba7f3800bf67824bca874,https://github.com/Indoqa/logspace/commit/9f98d4c9e43fb90b8e6ba7f3800bf67824bca874
CVE-2016-1000031,commons-fileupload:commons-fileupload,com.groupon.odo:proxylib,groupon/odo,https://github.com/groupon/odo/commit/f8b0f003c31b16acd3a40c62bc6c810bee35e4c6,,404_not_found,groupon/odo,f8b0f003c31b16acd3a40c62bc6c810bee35e4c6,https://github.com/groupon/odo/commit/f8b0f003c31b16acd3a40c62bc6c810bee35e4c6
CVE-2016-1000031,commons-fileupload:commons-fileupload,com.groupon.odo:proxylib,groupon/odo,https://github.com/groupon/odo/commit/f8b0f003c31b16acd3a40c62bc6c810bee35e4c6,,404_not_found,groupon/odo,f8b0f003c31b16acd3a40c62bc6c810bee35e4c6,https://github.com/groupon/odo/commit/f8b0f003c31b16acd3a40c62bc6c810bee35e4c6
CVE-2020-28491,com.fasterxml.jackson.dataformat:jackson-dataformat-cbor,io.axway.iron:iron-spi-aws,Axway/iron,https://github.com/Axway/iron/commit/2f6e203b75990929ea84f14c3f116d4ced3a1e54,,404_not_found,Axway/iron,2f6e203b75990929ea84f14c3f116d4ced3a1e54,https://github.com/Axway/iron/commit/2f6e203b75990929ea84f14c3f116d4ced3a1e54
CVE-2012-6153,org.apache.httpcomponents:httpclient,com.mgmtp.perfload:perfload-client,mgm-tp/perfload-core,https://github.com/mgm-tp/perfload-core/commit/7f7307bd78c4ad10fadbe4acbd6a7eaff8ed5cfd,,404_not_found,mgm-tp/perfload-core,7f7307bd78c4ad10fadbe4acbd6a7eaff8ed5cfd,https://github.com/mgm-tp/perfload-core/commit/7f7307bd78c4ad10fadbe4acbd6a7eaff8ed5cfd
CVE-2012-6153,org.apache.httpcomponents:httpclient,com.mgmtp.perfload:perfload-client,mgm-tp/perfload-core,https://github.com/mgm-tp/perfload-core/commit/7f7307bd78c4ad10fadbe4acbd6a7eaff8ed5cfd,,404_not_found,mgm-tp/perfload-core,7f7307bd78c4ad10fadbe4acbd6a7eaff8ed5cfd,https://github.com/mgm-tp/perfload-core/commit/7f7307bd78c4ad10fadbe4acbd6a7eaff8ed5cfd
CVE-2017-5637,org.apache.zookeeper:zookeeper,com.salesforce.argus:argus-core,salesforce/Argus,https://github.com/salesforce/Argus/commit/d5bbe268c9e3cc8b4aa0661db20582edbdf65859,,404_not_found,salesforce/Argus,d5bbe268c9e3cc8b4aa0661db20582edbdf65859,https://github.com/salesforce/Argus/commit/d5bbe268c9e3cc8b4aa0661db20582edbdf65859
CVE-2017-5637,org.apache.zookeeper:zookeeper,com.salesforce.argus:argus-core,salesforce/Argus,https://github.com/salesforce/Argus/commit/d5bbe268c9e3cc8b4aa0661db20582edbdf65859,,404_not_found,salesforce/Argus,d5bbe268c9e3cc8b4aa0661db20582edbdf65859,https://github.com/salesforce/Argus/commit/d5bbe268c9e3cc8b4aa0661db20582edbdf65859
CVE-2017-5637,org.apache.zookeeper:zookeeper,com.salesforce.argus:argus-core,salesforce/Argus,https://github.com/salesforce/Argus/commit/d5bbe268c9e3cc8b4aa0661db20582edbdf65859,,404_not_found,salesforce/Argus,d5bbe268c9e3cc8b4aa0661db20582edbdf65859,https://github.com/salesforce/Argus/commit/d5bbe268c9e3cc8b4aa0661db20582edbdf65859
CVE-2018-8027,org.apache.camel:camel-core,org.talend.camel:camel-talendjob,Talend/tesb-rt-se,https://github.com/Talend/tesb-rt-se/commit/0b9dcdc67f5bd94a8a04bc8cbad0f8f3892a0aed,,404_not_found,Talend/tesb-rt-se,0b9dcdc67f5bd94a8a04bc8cbad0f8f3892a0aed,https://github.com/Talend/tesb-rt-se/commit/0b9dcdc67f5bd94a8a04bc8cbad0f8f3892a0aed
CVE-2018-8027,org.apache.camel:camel-core,org.talend.camel:camel-talendjob,Talend/tesb-rt-se,https://github.com/Talend/tesb-rt-se/commit/0b9dcdc67f5bd94a8a04bc8cbad0f8f3892a0aed,,404_not_found,Talend/tesb-rt-se,0b9dcdc67f5bd94a8a04bc8cbad0f8f3892a0aed,https://github.com/Talend/tesb-rt-se/commit/0b9dcdc67f5bd94a8a04bc8cbad0f8f3892a0aed
CVE-2016-3092,commons-fileupload:commons-fileupload,com.groupon.odo:proxylib,groupon/odo,https://github.com/groupon/odo/commit/f8b0f003c31b16acd3a40c62bc6c810bee35e4c6,,404_not_found,groupon/odo,f8b0f003c31b16acd3a40c62bc6c810bee35e4c6,https://github.com/groupon/odo/commit/f8b0f003c31b16acd3a40c62bc6c810bee35e4c6
CVE-2015-7521,org.apache.hive:hive-exec,jp.co.yahoo.dataplatform.mds:multiple-dimension-spread-hive,yahoojapan/multiple-dimension-spread,https://github.com/yahoojapan/multiple-dimension-spread/commit/d639a73256bf66518294c67bc76f30d09ccc8b1f,,404_not_found,yahoojapan/multiple-dimension-spread,d639a73256bf66518294c67bc76f30d09ccc8b1f,https://github.com/yahoojapan/multiple-dimension-spread/commit/d639a73256bf66518294c67bc76f30d09ccc8b1f
CVE-2015-0264,org.apache.camel:camel-core,org.talend.camel:camel-talendjob,Talend/tesb-rt-se,https://github.com/Talend/tesb-rt-se/commit/82dfdea28333646b26c071726a0fc2445162863e,,404_not_found,Talend/tesb-rt-se,82dfdea28333646b26c071726a0fc2445162863e,https://github.com/Talend/tesb-rt-se/commit/82dfdea28333646b26c071726a0fc2445162863e
CVE-2020-13692,org.postgresql:postgresql,io.github.fslev:cucumber-utils,fslev/cucumber-utils,https://github.com/fslev/cucumber-utils/commit/cebf579895c9b721840e6e0922e904169d0531bb,,404_not_found,fslev/cucumber-utils,cebf579895c9b721840e6e0922e904169d0531bb,https://github.com/fslev/cucumber-utils/commit/cebf579895c9b721840e6e0922e904169d0531bb
CVE-2018-7489,com.fasterxml.jackson.core:jackson-databind,com.networknt:eventuate-kafka,networknt/light-eventuate-4j,https://github.com/networknt/light-eventuate-4j/commit/653a96abd7722da253e7c81b34f37834c9cb68b2,,404_not_found,networknt/light-eventuate-4j,653a96abd7722da253e7c81b34f37834c9cb68b2,https://github.com/networknt/light-eventuate-4j/commit/653a96abd7722da253e7c81b34f37834c9cb68b2
CVE-2018-7489,com.fasterxml.jackson.core:jackson-databind,com.networknt:eventuate-kafka,networknt/light-eventuate-4j,https://github.com/networknt/light-eventuate-4j/commit/653a96abd7722da253e7c81b34f37834c9cb68b2,,404_not_found,networknt/light-eventuate-4j,653a96abd7722da253e7c81b34f37834c9cb68b2,https://github.com/networknt/light-eventuate-4j/commit/653a96abd7722da253e7c81b34f37834c9cb68b2
CVE-2018-7489,com.fasterxml.jackson.core:jackson-databind,com.networknt:eventuate-kafka,networknt/light-eventuate-4j,https://github.com/networknt/light-eventuate-4j/commit/653a96abd7722da253e7c81b34f37834c9cb68b2,,404_not_found,networknt/light-eventuate-4j,653a96abd7722da253e7c81b34f37834c9cb68b2,https://github.com/networknt/light-eventuate-4j/commit/653a96abd7722da253e7c81b34f37834c9cb68b2
CVE-2020-10719,io.undertow:undertow-core,org.minijax:minijax-undertow-websocket,minijax/minijax,https://github.com/minijax/minijax/commit/bd0e10a3b972c7af6e6f2721f3337c7a2179d6ab,,404_not_found,minijax/minijax,bd0e10a3b972c7af6e6f2721f3337c7a2179d6ab,https://github.com/minijax/minijax/commit/bd0e10a3b972c7af6e6f2721f3337c7a2179d6ab
CVE-2020-10719,io.undertow:undertow-core,com.networknt:eventuate-cdc-service,networknt/light-eventuate-4j,https://github.com/networknt/light-eventuate-4j/commit/9b6cf59c82b1a9c9c565c029640e3efdb5eaa9b3,,404_not_found,networknt/light-eventuate-4j,9b6cf59c82b1a9c9c565c029640e3efdb5eaa9b3,https://github.com/networknt/light-eventuate-4j/commit/9b6cf59c82b1a9c9c565c029640e3efdb5eaa9b3
CVE-2018-20433,com.mchange:c3p0,net.centro.rtb:monitoring-center,centro/monitoring-center,https://github.com/centro/monitoring-center/commit/7524d36e5111fe42435a7fd29ba64b247b866b58,,404_not_found,centro/monitoring-center,7524d36e5111fe42435a7fd29ba64b247b866b58,https://github.com/centro/monitoring-center/commit/7524d36e5111fe42435a7fd29ba64b247b866b58
CVE-2018-20433,com.mchange:c3p0,net.centro.rtb:monitoring-center,centro/monitoring-center,https://github.com/centro/monitoring-center/commit/7524d36e5111fe42435a7fd29ba64b247b866b58,,404_not_found,centro/monitoring-center,7524d36e5111fe42435a7fd29ba64b247b866b58,https://github.com/centro/monitoring-center/commit/7524d36e5111fe42435a7fd29ba64b247b866b58
CVE-2018-1320,org.apache.thrift:libthrift,com.workiva:frugal,Workiva/frugal,https://github.com/Workiva/frugal/commit/a348b69254cae27cfe4f856e8d58d2bb13827125,,404_not_found,Workiva/frugal,a348b69254cae27cfe4f856e8d58d2bb13827125,https://github.com/Workiva/frugal/commit/a348b69254cae27cfe4f856e8d58d2bb13827125
